Date,AAPL,GOOG,IBM,MSFT
2012-01-03,58.747143,330.555054,186.300003,26.77
2012-01-04,59.062859,331.980774,185.539993,27.4
2012-01-05,59.718571,327.375732,184.660004,27.68
2012-01-06,60.342857,322.90979,182.539993,28.110001
2012-01-09,60.247143,309.218842,181.589996,27.74
2012-01-10,60.462856,309.556641,181.309998,27.84
2012-01-11,60.364285,310.95752,182.320007,27.719999
2012-01-12,60.19857,312.785645,180.550003,28.0
2012-01-13,59.972858,310.475647,179.160004,28.25
2012-01-17,60.671429,312.259064,180.0,28.26
2012-01-18,61.30143,314.410065,181.070007,28.23
2012-01-19,61.107143,317.718536,180.520004,28.120001
2012-01-20,60.042858,291.101654,188.520004,29.709999
2012-01-23,61.058571,290.868195,189.979996,29.73
2012-01-24,60.058571,288.588013,191.929993,29.34
2012-01-25,63.808571,282.904968,191.729996,29.559999
2012-01-26,63.51857,282.214478,190.979996,29.5
2012-01-27,63.897144,288.116089,190.460007,29.23
2012-01-30,64.715714,286.978485,192.5,29.610001
2012-01-31,65.211426,288.180664,192.600006,29.530001
2012-02-01,65.169998,288.53833,192.619995,29.889999
2012-02-02,65.017143,290.66452,191.529999,29.950001
2012-02-03,65.668571,296.238251,193.639999,30.24
2012-02-06,66.281425,302.577026,192.820007,30.200001
2012-02-07,66.975716,301.42453,193.350006,30.35
2012-02-08,68.097145,302.954559,192.949997,30.66
2012-02-09,70.452858,303.754364,193.130005,30.77
2012-02-10,70.488571,300.997314,192.419998,30.5
2012-02-13,71.800003,304.121979,192.619995,30.58
2012-02-14,72.779999,302.909851,192.220001,30.25
2012-02-15,71.095711,300.823425,192.25,30.049999
2012-02-16,71.744286,301.300323,193.020004,31.290001
2012-02-17,71.73143,300.366394,193.419998,31.25
2012-02-21,73.550003,305.016174,193.389999,31.440001
2012-02-22,73.291428,302.005737,193.869995,31.27
2012-02-23,73.769997,301.096649,197.610001,31.370001
2012-02-24,74.629997,302.979401,197.759995,31.48
2012-02-27,75.108574,302.68631,197.529999,31.35
2012-02-28,76.487144,307.196991,197.979996,31.870001
2012-02-29,77.491432,307.127441,196.729996,31.74
2012-03-01,77.781425,309.189026,197.529999,32.290001
2012-03-02,77.882858,308.617737,198.809998,32.080002
2012-03-05,76.165718,305.14035,200.660004,31.799999
2012-03-06,75.751427,300.52536,197.259995,31.559999
2012-03-07,75.812859,301.439423,197.770004,31.84
2012-03-08,77.427139,301.608337,199.809998,32.009998
2012-03-09,77.881432,298.185577,200.619995,31.99
2012-03-12,78.85714,300.619751,201.0,32.040001
2012-03-13,81.157143,306.893951,203.779999,32.669998
2012-03-14,84.225716,306.00473,204.720001,32.77
2012-03-15,83.651428,308.558136,206.0,32.849998
2012-03-16,83.652855,310.500488,206.009995,32.599998
2012-03-19,85.871429,314.94162,205.720001,32.200001
2012-03-20,86.565712,314.698181,204.25,31.99
2012-03-21,86.071426,317.922211,204.690002,31.91
2012-03-22,85.620003,320.937622,205.490005,32.0
2012-03-23,85.150002,319.218781,205.479996,32.009998
2012-03-26,86.711426,322.567017,207.770004,32.59
2012-03-27,87.78286,321.419464,207.179993,32.52
2012-03-28,88.23143,325.76123,207.289993,32.189999
2012-03-29,87.122856,322.109985,208.270004,32.119999
2012-03-30,85.650002,318.548157,208.649994,32.259998
2012-04-02,88.375717,321.369812,209.470001,32.290001
2012-04-03,89.902855,319.233704,209.5,31.940001
2012-04-04,89.187141,315.522827,206.050003,31.209999
2012-04-05,90.525711,314.116974,205.470001,31.52
2012-04-09,90.889999,313.381744,204.940002,31.1
2012-04-10,89.777145,311.404602,202.330002,30.469999
2012-04-11,89.457146,315.925201,202.580002,30.35
2012-04-12,88.96714,323.401581,205.320007,30.98
2012-04-13,86.461426,310.281921,202.800003,30.809999
2012-04-16,82.875717,301.076782,202.720001,31.08
2012-04-17,87.099998,302.815491,207.449997,31.440001
2012-04-18,86.905716,301.762329,200.130005,31.139999
2012-04-19,83.919998,297.713654,199.509995,31.01
2012-04-20,81.854286,296.104126,199.600006,32.419998
2012-04-23,81.671425,296.869141,198.619995,32.119999
2012-04-24,80.040001,298.692291,200.0,31.92
2012-04-25,87.14286,302.889984,203.570007,32.200001
2012-04-26,86.814285,305.746429,205.580002,32.110001
2012-04-27,86.14286,305.502991,206.809998,31.98
2012-04-30,83.425713,300.470734,207.080002,32.02
2012-05-01,83.16143,300.262085,208.0,32.009998
2012-05-02,83.711426,301.667938,208.059998,31.799999
2012-05-03,83.117142,303.535797,207.240005,31.76
2012-05-04,80.75,296.556183,204.990005,30.98
2012-05-07,81.354286,301.812012,203.75,30.65
2012-05-08,81.168571,304.41507,201.479996,30.5
2012-05-09,81.311432,302.606842,201.229996,30.76
2012-05-10,81.502853,304.84726,200.600006,30.74
2012-05-11,80.958572,300.659485,201.169998,31.16
2012-05-14,79.745712,300.048462,199.440002,30.68
2012-05-15,79.024284,303.580505,199.039993,30.209999
2012-05-16,78.011429,312.432922,199.729996,29.9
2012-05-17,75.73143,309.511932,197.889999,29.719999
2012-05-18,75.76857,298.260101,195.880005,29.27
2012-05-21,80.182854,305.070801,197.759995,29.75
2012-05-22,79.567146,298.458801,196.820007,29.76
2012-05-23,81.508568,302.760834,196.119995,29.110001
2012-05-24,80.760002,299.879578,196.089996,29.07
2012-05-25,80.327141,293.85376,194.300003,29.059999
2012-05-29,81.752853,295.249695,196.460007,29.559999
2012-05-30,82.738571,292.214417,194.529999,29.34
2012-05-31,82.53286,288.553253,192.899994,29.190001
2012-06-01,80.141426,283.645172,189.080002,28.450001
2012-06-04,80.612854,287.425568,188.539993,28.549999
2012-06-05,80.404289,283.362,189.199997,28.51
2012-06-06,81.637146,288.40918,193.990005,29.35
2012-06-07,81.674286,287.246735,194.440002,29.23
2012-06-08,82.902855,288.349579,195.139999,29.65
2012-06-11,81.595711,282.413177,192.509995,28.9
2012-06-12,82.308571,280.724152,194.550003,29.290001
2012-06-13,81.737144,278.732117,193.100006,29.129999
2012-06-14,81.647141,277.718719,195.100006,29.34
2012-06-15,82.01857,280.431061,199.100006,30.02
2012-06-18,83.682854,283.580566,198.289993,29.84
2012-06-19,83.915718,288.886078,198.929993,30.700001
2012-06-20,83.677139,286.889069,198.779999,30.93
2012-06-21,82.524284,280.778809,193.389999,30.139999
2012-06-22,83.157143,283.893555,193.699997,30.700001
2012-06-25,81.538574,278.538391,192.860001,29.870001
2012-06-26,81.718575,280.515503,191.949997,30.02
2012-06-27,82.071426,282.810577,193.0,30.17
2012-06-28,81.292854,280.331726,191.399994,29.91
2012-06-29,83.428574,288.160797,195.580002,30.59
2012-07-02,84.645714,288.359497,195.830002,30.559999
2012-07-03,85.629997,292.015717,195.929993,30.76
2012-07-05,87.134285,296.034576,195.289993,30.700001
2012-07-06,86.554283,291.09671,191.410004,30.190001
2012-07-09,87.69857,291.111603,189.669998,30.0
2012-07-10,86.887146,288.97052,186.259995,29.74
2012-07-11,86.347145,283.749481,185.25,29.299999
2012-07-12,85.557144,283.39679,183.089996,28.629999
2012-07-13,86.424286,286.397247,186.009995,29.389999
2012-07-16,86.701431,285.602417,184.789993,29.440001
2012-07-17,86.705711,286.501587,183.649994,29.66
2012-07-18,86.608574,288.503571,188.25,30.450001
2012-07-19,87.760002,294.613831,195.339996,30.67
2012-07-20,86.328575,303.436432,192.449997,30.120001
2012-07-23,86.261429,305.766296,190.830002,29.280001
2012-07-24,85.845711,301.82193,190.339996,29.15
2012-07-25,82.138573,302.030579,191.080002,28.83
2012-07-26,82.125717,304.698242,193.949997,29.16
2012-07-27,83.594284,315.428436,196.389999,29.76
2012-07-30,85.004288,314.107025,196.679993,29.639999
2012-07-31,87.251427,314.43988,195.979996,29.469999
2012-08-01,86.687141,314.295807,195.179993,29.41
2012-08-02,86.827141,312.343506,194.449997,29.190001
2012-08-03,87.957146,318.592865,198.520004,29.75
2012-08-06,88.935715,319.333038,198.759995,29.950001
2012-08-07,88.701431,318.200409,199.929993,30.26
2012-08-08,88.55143,319.039948,199.029999,30.33
2012-08-09,88.675713,319.099579,198.419998,30.5
2012-08-10,88.814285,318.92569,199.289993,30.42
2012-08-13,90.0,327.872498,199.009995,30.389999
2012-08-14,90.241432,332.169556,198.289993,30.129999
2012-08-15,90.118568,331.61319,198.399994,30.200001
2012-08-16,90.905716,334.260956,200.839996,30.780001
2012-08-17,92.587143,336.382172,201.220001,30.9
2012-08-20,95.021431,335.587341,200.5,30.74
2012-08-21,93.722855,332.591797,198.649994,30.799999
2012-08-22,95.552856,336.402039,197.25,30.540001
2012-08-23,94.66143,336.213257,195.699997,30.26
2012-08-24,94.745712,337.122345,197.770004,30.559999
2012-08-27,96.525711,332.447754,195.690002,30.690001
2012-08-28,96.400002,336.436798,194.869995,30.629999
2012-08-29,96.209999,341.782043,195.080002,30.65
2012-08-30,94.83857,338.637482,193.369995,30.32
2012-08-31,95.034286,340.331482,194.850006,30.82
2012-09-04,96.424286,338.31955,194.539993,30.389999
2012-09-05,95.747147,338.160583,195.039993,30.389999
2012-09-06,96.610001,347.440247,199.100006,31.35
2012-09-07,97.205711,350.793427,199.5,30.950001
2012-09-10,94.677139,348.120819,200.949997,30.719999
2012-09-11,94.370003,343.858521,203.270004,30.790001
2012-09-12,95.684288,343.207764,203.770004,30.780001
2012-09-13,97.568573,350.73877,206.360001,30.940001
2012-09-14,98.754288,352.547028,206.809998,31.209999
2012-09-17,99.968575,352.696045,207.149994,31.209999
2012-09-18,100.272858,356.819244,207.070007,31.18
2012-09-19,100.300003,361.399445,206.429993,31.049999
2012-09-20,99.814285,361.707428,206.179993,31.450001
2012-09-21,100.012856,364.623474,205.979996,31.190001
2012-09-24,98.684288,372.268738,205.289993,30.780001
2012-09-25,96.220001,372.159454,204.979996,30.389999
2012-09-26,95.025711,374.295563,204.0,30.17
2012-09-27,97.331429,375.805756,205.910004,30.16
2012-09-28,95.300003,374.812195,207.449997,29.76
2012-10-01,94.19857,378.42868,210.470001,29.49
2012-10-02,94.472855,376.049164,209.839996,29.66
2012-10-03,95.921425,378.786346,210.509995,29.860001
2012-10-04,95.257141,381.543427,210.389999,30.030001
2012-10-05,93.227142,381.344727,210.589996,29.85
2012-10-08,91.167145,376.471405,209.820007,29.780001
2012-10-09,90.835716,369.640839,207.990005,29.280001
2012-10-10,91.558571,369.874329,205.820007,28.98
2012-10-11,89.728569,373.311951,205.759995,28.950001
2012-10-12,89.958572,369.968719,207.800003,29.200001
2012-10-15,90.68,368.095886,208.929993,29.51
2012-10-16,92.827141,369.943878,211.0,29.49
2012-10-17,92.087143,375.304016,200.630005,29.59
2012-10-18,90.377144,345.254456,194.960007,29.5
2012-10-19,87.120003,338.692139,193.360001,28.639999
2012-10-22,90.575714,337.142212,194.399994,28.0
2012-10-23,87.622856,337.976776,191.25,28.049999
2012-10-24,88.118568,336.461639,190.720001,27.9
2012-10-25,87.077141,336.690155,191.600006,27.879999
2012-10-26,86.285713,335.393585,193.270004,28.209999
2012-10-31,85.045715,337.951935,194.529999,28.540001
2012-11-01,85.220001,341.573395,197.149994,29.52
2012-11-02,82.400002,341.737335,193.429993,29.5
2012-11-05,83.517143,339.273346,194.139999,29.629999
2012-11-06,83.264282,338.657349,195.070007,29.860001
2012-11-07,79.714287,331.404541,191.160004,29.08
2012-11-08,76.821426,324.037445,190.100006,28.809999
2012-11-09,78.151428,329.372742,189.639999,28.83
2012-11-12,77.547142,330.798462,189.25,28.219999
2012-11-13,77.557144,327.395599,188.320007,27.09
2012-11-14,76.697144,324.166595,185.509995,26.84
2012-11-15,75.08857,321.538696,185.850006,26.66
2012-11-16,75.382858,321.498962,186.940002,26.52
2012-11-19,80.818573,331.946014,190.350006,26.73
2012-11-20,80.129997,332.820313,189.199997,26.709999
2012-11-21,80.242859,330.783569,190.289993,26.950001
2012-11-23,81.64286,331.826782,193.490005,27.700001
2012-11-26,84.218575,328.438812,192.880005,27.389999
2012-11-27,83.540001,333.187927,191.229996,27.08
2012-11-28,83.277145,339.626068,191.979996,27.360001
2012-11-29,84.194283,343.709503,191.529999,26.950001
2012-11-30,83.611427,346.928558,190.070007,26.620001
2012-12-03,83.741432,345.378632,189.479996,26.43
2012-12-04,82.264282,343.282288,189.360001,26.370001
2012-12-05,76.970001,341.687653,188.649994,26.67
2012-12-06,78.177139,343.33197,189.699997,26.73
2012-12-07,76.178574,339.894318,191.949997,26.459999
2012-12-10,75.688568,340.495392,192.619995,26.940001
2012-12-11,77.341431,346.188385,194.199997,27.32
2012-12-12,77.0,346.526184,192.949997,27.24
2012-12-13,75.669998,349.079559,191.990005,27.110001
2012-12-14,72.827141,348.711975,191.759995,26.809999
2012-12-17,74.118568,358.061157,193.619995,27.1
2012-12-18,76.271431,358.205231,195.690002,27.559999
2012-12-19,75.187141,357.728333,195.080002,27.309999
2012-12-20,74.53286,358.846039,194.770004,27.68
2012-12-21,74.190002,355.502808,193.419998,27.450001
2012-12-24,74.309998,352.457611,192.399994,27.059999
2012-12-26,73.285713,352.144653,191.949997,26.860001
2012-12-27,73.580002,350.862976,192.710007,26.959999
2012-12-28,72.798569,347.743256,189.830002,26.549999
2012-12-31,76.024284,351.404449,191.550003,26.709999
2013-01-02,78.432854,359.288177,196.350006,27.620001
2013-01-03,77.442856,359.496826,195.270004,27.25
2013-01-04,75.285713,366.600616,193.990005,26.74
2013-01-07,74.842857,365.001007,193.139999,26.690001
2013-01-08,75.044289,364.280701,192.869995,26.549999
2013-01-09,73.871429,366.67514,192.320007,26.700001
2013-01-10,74.78714,368.344269,192.880005,26.459999
2013-01-11,74.328575,367.604095,194.449997,26.83
2013-01-14,71.678574,359.288177,192.619995,26.889999
2013-01-15,69.417145,360.122742,192.5,27.209999
2013-01-16,72.298569,355.28421,192.589996,27.040001
2013-01-17,71.811432,353.361725,193.649994,27.25
2013-01-18,71.428574,349.978729,194.470001,27.25
2013-01-22,72.110001,349.164032,196.080002,27.15
2013-01-23,73.43,368.354218,204.720001,27.610001
2013-01-24,64.35714,374.668152,204.419998,27.629999
2013-01-25,62.84,374.399902,204.970001,27.879999
2013-01-28,64.261429,372.939392,204.929993,27.91
2013-01-29,65.46714,374.404846,203.899994,28.01
2013-01-30,65.261429,374.47937,203.520004,27.85
2013-01-31,65.07,375.403351,203.070007,27.450001
2013-02-01,64.802856,385.294037,205.179993,27.93
2013-02-04,63.188572,377.057617,203.789993,27.440001
2013-02-05,65.405716,380.395905,202.789993,27.5
2013-02-06,65.335716,382.596588,201.020004,27.34
2013-02-07,66.888573,384.474365,199.740005,27.280001
2013-02-08,67.854286,390.147461,201.679993,27.549999
2013-02-11,68.561432,388.682007,200.160004,27.860001
2013-02-12,66.842857,387.827545,200.039993,27.879999
2013-02-13,66.715714,388.900574,200.089996,28.030001
2013-02-14,66.655716,391.364563,199.649994,28.040001
2013-02-15,65.737144,393.883179,200.979996,28.01
2013-02-19,65.71286,400.818054,200.320007,28.049999
2013-02-20,64.121429,393.669556,199.309998,27.870001
2013-02-21,63.722858,395.194641,198.330002,27.49
2013-02-22,64.401428,397.271149,201.089996,27.76
2013-02-25,63.257141,392.830017,197.509995,27.370001
2013-02-26,64.138573,392.512085,199.139999,27.370001
2013-02-27,63.509998,397.305908,202.330002,27.809999
2013-02-28,63.057144,398.011322,200.830002,27.799999
2013-03-01,61.495716,400.490204,202.910004,27.950001
2013-03-04,60.007141,408.095734,205.190002,28.15
2013-03-05,61.591427,416.590485,206.529999,28.35
2013-03-06,60.808571,413.003815,208.380005,28.09
2013-03-07,61.511429,413.609863,209.419998,28.139999
2013-03-08,61.674286,413.073364,210.380005,28.0
2013-03-11,62.552856,414.712708,210.080002,27.870001
2013-03-12,61.204285,411.130981,210.550003,27.91
2013-03-13,61.192856,409.988434,212.059998,27.92
2013-03-14,61.785713,408.115601,215.800003,28.139999
2013-03-15,63.380001,404.518982,214.919998,28.040001
2013-03-18,65.102859,401.285034,213.210007,28.1
2013-03-19,64.927139,403.038635,213.440002,28.18
2013-03-20,64.582855,404.722656,215.059998,28.32
2013-03-21,64.675713,403.00882,212.259995,28.110001
2013-03-22,65.987144,402.536896,212.080002,28.25
2013-03-25,66.225716,402.204041,210.740005,28.16
2013-03-26,65.877144,403.585083,212.360001,28.16
2013-03-27,64.582855,398.736603,210.889999,28.370001
2013-03-28,63.237144,394.528961,213.300003,28.610001
2013-04-01,61.272858,398.006348,212.380005,28.610001
2013-04-02,61.398571,403.893066,214.360001,28.799999
2013-04-03,61.712856,400.495178,212.660004,28.559999
2013-04-04,61.102856,394.966125,211.309998,28.6
2013-04-05,60.457142,388.994965,209.410004,28.700001
2013-04-08,60.887142,384.921448,209.320007,28.59
2013-04-09,60.997143,386.312408,209.220001,29.610001
2013-04-10,62.241428,392.536926,212.0,30.280001
2013-04-11,62.047142,392.641235,212.919998,28.940001
2013-04-12,61.400002,392.472351,211.380005,28.790001
2013-04-15,59.978573,388.438568,209.259995,28.690001
2013-04-16,60.89143,394.121613,212.0,28.969999
2013-04-17,57.542858,388.751556,209.669998,28.83
2013-04-18,56.007141,380.480347,207.149994,28.790001
2013-04-19,55.790001,397.350616,190.0,29.77
2013-04-22,56.952858,397.469849,187.830002,30.83
2013-04-23,58.01857,401.339661,191.610001,30.6
2013-04-24,57.922855,404.096741,191.710007,31.76
2013-04-25,58.34,401.935791,193.949997,31.940001
2013-04-26,59.599998,398.120605,194.309998,31.790001
2013-04-29,61.445713,406.883606,199.149994,32.610001
2013-04-30,63.254284,409.620819,202.539993,33.099998
2013-05-01,62.755714,407.564178,199.630005,32.720001
2013-05-02,63.645714,412.124542,202.389999,33.16
2013-05-03,64.28286,420.127472,204.509995,33.490002
2013-05-06,65.815712,427.991333,202.779999,33.75
2013-05-07,65.522858,425.845276,203.630005,33.310001
2013-05-08,66.262856,433.99231,204.820007,32.990002
2013-05-09,65.252853,432.924255,203.240005,32.66
2013-05-10,64.709999,437.270966,204.470001,32.689999
2013-05-13,64.96286,435.929688,202.470001,33.029999
2013-05-14,63.408573,440.683777,203.210007,33.529999
2013-05-15,61.264286,454.985748,203.320007,33.849998
2013-05-16,62.082859,449.014587,204.690002,34.080002
2013-05-17,61.894287,451.652435,208.440002,34.869999
2013-05-20,63.275715,451.329529,207.600006,35.080002
2013-05-21,62.808571,450.554565,208.649994,34.849998
2013-05-22,63.049999,441.836273,206.990005,34.610001
2013-05-23,63.162857,438.542694,206.160004,34.150002
2013-05-24,63.592857,433.838287,205.720001,34.27
2013-05-28,63.062859,437.787628,207.779999,35.02
2013-05-29,63.564285,431.349487,207.919998,34.880001
2013-05-30,64.511429,432.566559,209.360001,35.029999
2013-05-31,64.247147,432.795074,208.020004,34.900002
2013-06-03,64.388573,431.011688,208.949997,35.59
2013-06-04,64.187141,426.774231,206.190002,34.990002
2013-06-05,63.587143,427.072296,202.740005,34.779999
2013-06-06,62.637142,429.526337,203.800003,34.959999
2013-06-07,63.115715,437.022583,206.350006,35.669998
2013-06-10,62.69857,442.233704,205.020004,35.470001
2013-06-11,62.514286,437.062317,203.979996,34.84
2013-06-12,61.741428,433.172638,201.199997,35.0
2013-06-13,62.279999,435.666412,203.770004,34.720001
2013-06-14,61.435715,434.692749,202.199997,34.400002
2013-06-17,61.714287,440.261536,203.039993,35.0
2013-06-18,61.681427,447.400085,204.869995,34.98
2013-06-19,60.42857,447.429901,201.940002,34.59
2013-06-20,59.548573,439.511414,197.350006,33.490002
2013-06-21,59.07143,437.618713,195.460007,33.27
2013-06-24,57.505714,432.084717,193.539993,33.720001
2013-06-25,57.51857,430.3013,194.979996,33.669998
2013-06-26,56.867142,434.002228,194.860001,34.349998
2013-06-27,56.254284,435.701172,195.649994,34.619999
2013-06-28,56.647144,437.340515,191.110001,34.540001
2013-07-01,58.459999,441.071259,191.279999,34.360001
2013-07-02,59.784286,438.30426,191.5,33.939999
2013-07-03,60.114285,440.350952,193.25,34.009998
2013-07-05,59.631428,443.858124,194.929993,34.209999
2013-07-08,59.292858,449.620636,194.979996,34.330002
2013-07-09,60.335712,449.69516,191.300003,34.349998
2013-07-10,60.104286,450.067749,192.25,34.700001
2013-07-11,61.041428,457.146698,192.800003,35.689999
2013-07-12,60.93,458.517792,192.070007,35.669998
2013-07-15,61.062859,459.35733,194.0,36.169998
2013-07-16,61.457142,456.83374,193.850006,36.27
2013-07-17,61.472858,456.307159,194.550003,35.740002
2013-07-18,61.68,452.397583,197.990005,35.439999
2013-07-19,60.707142,445.403076,193.539993,31.4
2013-07-22,60.901428,452.407532,194.089996,32.009998
2013-07-23,59.855713,448.979828,194.979996,31.82
2013-07-24,62.93,448.532715,196.610001,31.959999
2013-07-25,62.642857,440.981842,197.220001,31.389999
2013-07-26,62.998573,439.814423,197.350006,31.620001
2013-07-29,63.970001,438.284393,196.210007,31.540001
2013-07-30,64.760002,442.581421,196.009995,31.85
2013-07-31,64.647141,441.006683,195.039993,31.84
2013-08-01,65.239998,449.188477,195.809998,31.67
2013-08-02,66.077141,450.355865,195.160004,31.889999
2013-08-05,67.064285,449.575928,195.5,31.700001
2013-08-06,66.464287,445.388184,190.990005,31.58
2013-08-07,66.425713,442.447296,188.559998,32.060001
2013-08-08,65.858574,443.445801,187.929993,32.889999
2013-08-09,64.921425,442.328094,187.820007,32.700001
2013-08-12,66.765717,439.893921,189.089996,32.869999
2013-08-13,69.938568,437.777679,188.419998,32.23
2013-08-14,71.214287,432.094635,187.529999,32.349998
2013-08-15,71.129997,427.052429,185.789993,31.790001
2013-08-16,71.761429,425.68631,185.339996,31.799999
2013-08-19,72.534286,430.028076,184.229996,31.389999
2013-08-20,71.581429,429.913818,184.559998,31.620001
2013-08-21,71.765717,431.856201,184.860001,31.610001
2013-08-22,71.851425,434.032043,185.190002,32.389999
2013-08-23,71.574287,432.293335,185.419998,34.75
2013-08-26,71.852859,430.395691,184.740005,34.150002
2013-08-27,69.798569,422.328156,182.740005,33.259998
2013-08-28,70.128571,421.533325,182.160004,33.02
2013-08-29,70.242859,424.951111,182.639999,33.549999
2013-08-30,69.602859,420.713654,182.270004,33.400002
2013-09-03,69.797142,427.410095,183.960007,31.879999
2013-09-04,71.241432,432.998749,183.130005,31.200001
2013-09-05,70.752853,436.938141,184.149994,31.23
2013-09-06,71.174286,436.948059,183.029999,31.15
2013-09-09,72.309998,441.155701,184.979996,31.66
2013-09-10,70.662857,441.463715,186.600006,32.389999
2013-09-11,66.815712,445.199402,190.699997,32.740002
2013-09-12,67.527145,443.644531,190.729996,32.689999
2013-09-13,66.414284,441.662415,192.169998,33.029999
2013-09-16,64.302856,441.011658,193.149994,32.799999
2013-09-17,65.045715,440.191986,192.160004,32.93
2013-09-18,66.382858,448.741364,194.419998,33.32
2013-09-19,67.471428,446.292297,193.389999,33.639999
2013-09-20,66.772858,448.637054,190.020004,32.790001
2013-09-23,70.091431,440.385712,190.990005,32.740002
2013-09-24,69.871429,440.554626,189.970001,32.450001
2013-09-25,68.790001,435.78067,189.470001,32.509998
2013-09-26,69.459999,436.24762,190.220001,32.77
2013-09-27,68.964287,435.363373,186.919998,33.27
2013-09-30,68.10714,435.124939,185.179993,33.279999
2013-10-01,69.708572,440.634094,186.380005,33.580002
2013-10-02,69.937141,441.125916,184.960007,33.919998
2013-10-03,69.058571,435.214355,183.860001,33.860001
2013-10-04,69.004288,433.356445,184.100006,33.880001
2013-10-07,69.678574,430.072784,182.009995,33.299999
2013-10-08,68.705711,424.076782,178.720001,33.009998
2013-10-09,69.512856,425.164703,181.320007,33.07
2013-10-10,69.94857,431.314728,184.770004,33.759998
2013-10-11,70.401428,433.177612,186.160004,34.130001
2013-10-14,70.862854,435.224274,186.970001,34.450001
2013-10-15,71.239998,438.155212,184.660004,34.490002
2013-10-16,71.587143,446.113464,186.729996,34.639999
2013-10-17,72.071426,441.523315,174.830002,34.919998
2013-10-18,72.69857,502.437134,173.779999,34.959999
2013-10-21,74.480003,498.408325,172.860001,34.990002
2013-10-22,74.267143,500.246368,174.970001,34.580002
2013-10-23,74.994286,512.372498,175.770004,33.759998
2013-10-24,75.987144,509.461456,177.800003,33.720001
2013-10-25,75.137146,504.319885,176.850006,35.73
2013-10-28,75.697144,504.22052,177.350006,35.57
2013-10-29,73.811432,514.771912,182.119995,35.52
2013-10-30,74.985718,511.880707,180.149994,35.540001
2013-10-31,74.671425,511.960205,179.210007,35.41
2013-11-01,74.290001,510.20163,179.229996,35.529999
2013-11-04,75.25,509.739624,180.270004,35.939999
2013-11-05,75.064285,507.459473,177.850006,36.639999
2013-11-06,74.417145,508.070496,179.190002,38.18
2013-11-07,73.21286,500.718323,180.0,37.5
2013-11-08,74.365715,504.732208,179.990005,37.779999
2013-11-11,74.150002,502.029785,182.880005,37.59
2013-11-12,74.28714,502.620941,183.070007,37.360001
2013-11-13,74.375717,512.899109,183.550003,38.16
2013-11-14,75.451431,514.270142,182.210007,38.02
2013-11-15,74.998573,513.440552,183.190002,37.84
2013-11-18,74.089996,512.442078,184.470001,37.200001
2013-11-19,74.221428,509.287567,185.25,36.740002
2013-11-20,73.571426,507.851898,185.190002,37.080002
2013-11-21,74.44857,513.693909,184.130005,37.400002
2013-11-22,74.257141,512.610962,181.300003,37.57
2013-11-25,74.82,519.585571,178.940002,37.639999
2013-11-26,76.199997,525.785278,177.309998,37.349998
2013-11-27,77.994286,528.120117,178.970001,37.599998
2013-11-29,79.438568,526.37146,179.679993,38.130001
2013-12-02,78.747147,523.832947,177.479996,38.450001
2013-12-03,80.902855,523.226929,176.080002,38.310001
2013-12-04,80.714287,525.671021,175.740005,38.939999
2013-12-05,81.128571,525.253723,176.080002,38.0
2013-12-06,80.002853,531.478271,177.669998,38.360001
2013-12-09,80.918571,535.586548,177.460007,38.709999
2013-12-10,80.792854,538.825439,177.119995,38.110001
2013-12-11,80.194283,535.164246,175.199997,37.610001
2013-12-12,80.077141,531.522949,173.369995,37.220001
2013-12-13,79.204285,526.96759,172.800003,36.689999
2013-12-16,79.64286,533.023193,177.850006,36.889999
2013-12-17,79.284286,531.473267,175.759995,36.52
2013-12-18,78.681427,538.870178,178.699997,36.580002
2013-12-19,77.779999,539.600403,180.220001,36.25
2013-12-20,78.431427,546.753906,180.020004,36.799999
2013-12-23,81.441429,553.947083,182.229996,36.619999
2013-12-24,81.095711,552.327637,183.220001,37.080002
2013-12-26,80.557144,555.119507,185.350006,37.439999
2013-12-27,80.012856,555.586426,185.080002,37.290001
2013-12-30,79.21714,551.145325,186.410004,37.290001
2013-12-31,80.145714,556.734009,187.570007,37.41
2014-01-02,79.01857,552.963501,185.529999,37.16
2014-01-03,77.28286,548.929749,186.639999,36.91
2014-01-06,77.704285,555.049927,186.0,36.130001
2014-01-07,77.148575,565.750366,189.710007,36.41
2014-01-08,77.637146,566.927673,187.970001,35.759998
2014-01-09,76.645714,561.468201,187.380005,35.529999
2014-01-10,76.134285,561.438354,187.259995,36.040001
2014-01-13,76.53286,557.861633,184.160004,34.98
2014-01-14,78.055717,570.986267,185.919998,35.779999
2014-01-15,79.622856,570.598816,187.740005,36.759998
2014-01-16,79.178574,574.374268,188.759995,36.889999
2014-01-17,77.238571,571.547607,190.089996,36.380001
2014-01-21,78.438568,578.090088,188.429993,36.169998
2014-01-22,78.78714,578.745789,182.25,35.93
2014-01-23,79.454285,576.301697,182.729996,36.060001
2014-01-24,78.010002,558.283875,179.639999,36.810001
2014-01-27,78.64286,547.056946,177.899994,36.029999
2014-01-28,72.35714,557.876526,176.850006,36.27
2014-01-29,71.535713,549.883545,176.399994,36.66
2014-01-30,71.397141,564.02655,177.360001,36.860001
2014-01-31,71.514282,586.669312,176.679993,37.84
2014-02-03,71.647141,563.052856,172.899994,36.48
2014-02-04,72.684288,565.402588,172.839996,36.349998
2014-02-05,73.227142,567.906311,174.240005,35.82
2014-02-06,73.215714,576.232178,174.669998,36.18
2014-02-07,74.239998,584.91571,177.25,36.560001
2014-02-10,75.57,582.675232,177.139999,36.799999
2014-02-11,76.565712,591.244507,179.699997,37.169998
2014-02-12,76.559998,589.510803,180.240005,37.470001
2014-02-13,77.775711,596.07312,181.839996,37.610001
2014-02-14,77.71286,597.513733,183.690002,37.619999
2014-02-18,77.998573,601.527649,183.190002,37.419998
2014-02-19,76.767143,597.285217,182.949997,37.509998
2014-02-20,75.878571,598.16449,184.259995,37.75
2014-02-21,75.035713,598.005554,182.789993,37.98
2014-02-24,75.364288,602.337402,183.449997,37.689999
2014-02-25,74.580002,606.058167,183.229996,37.540001
2014-02-26,73.907143,606.142639,184.059998,37.470001
2014-02-27,75.381432,605.66571,185.270004,37.860001
2014-02-28,75.177139,603.897217,185.169998,38.310001
2014-03-03,75.394287,597.459106,184.259995,37.779999
2014-03-04,75.891426,603.529602,186.440002,38.41
2014-03-05,76.05143,605.193787,187.139999,38.110001
2014-03-06,75.821426,605.864441,187.639999,38.150002
2014-03-07,75.777145,603.470032,187.679993,37.900002
2014-03-10,75.845711,601.870422,186.389999,37.82
2014-03-11,76.584282,596.117798,186.759995,38.02
2014-03-12,76.658569,599.749207,186.220001,38.27
2014-03-13,75.807144,590.688171,183.899994,37.889999
2014-03-14,74.955711,582.610657,182.210007,37.700001
2014-03-17,75.248573,592.198303,185.809998,38.049999
2014-03-18,75.914284,601.716431,186.809998,39.549999
2014-03-19,75.894287,595.750244,184.710007,39.27
2014-03-20,75.528572,594.711975,187.899994,40.330002
2014-03-21,76.124283,587.697571,186.669998,40.16
2014-03-24,77.027145,575.223694,188.25,40.5
2014-03-25,77.855713,575.61615,195.039993,40.34
2014-03-26,77.111427,562.327576,192.619995,39.790001
2014-03-27,76.779999,555.406067,189.830002,39.360001
2014-03-28,76.694283,556.927734,190.449997,40.299999
2014-03-31,76.677139,553.924255,192.490005,40.990002
2014-04-01,77.378571,564.058533,194.5,41.419998
2014-04-02,77.507141,563.899353,193.550003,41.349998
2014-04-03,76.970001,566.62439,192.690002,41.009998
2014-04-04,75.974289,540.169861,191.770004,39.869999
2014-04-07,74.781425,535.207153,194.520004,39.799999
2014-04-08,74.777145,551.86554,193.289993,39.82
2014-04-09,75.760002,561.054993,196.639999,40.470001
2014-04-10,74.78286,537.991821,195.679993,39.360001
2014-04-11,74.230003,527.698425,195.190002,39.209999
2014-04-14,74.525711,529.60791,197.770004,39.18
2014-04-15,73.994286,533.50647,197.020004,39.75
2014-04-16,74.144287,553.496582,196.399994,40.400002
2014-04-17,74.991432,533.168335,190.009995,40.009998
2014-04-21,75.881432,525.729248,192.270004,39.939999
2014-04-22,75.957146,531.885437,192.149994,39.990002
2014-04-23,74.964287,524.058472,191.729996,39.689999
2014-04-24,81.110001,522.288208,190.220001,39.860001
2014-04-25,81.705711,513.3573,189.630005,39.91
2014-04-28,84.870003,514.32196,193.139999,40.869999
2014-04-29,84.618568,524.81427,195.110001,40.509998
2014-04-30,84.298569,523.779968,196.470001,40.400002
2014-05-01,84.497147,528.444336,193.529999,40.0
2014-05-02,84.654289,525.04303,191.440002,39.689999
2014-05-05,85.851425,524.923706,191.259995,39.43
2014-05-06,84.915718,512.322998,190.029999,39.060001
2014-05-07,84.618568,507.171295,189.300003,39.419998
2014-05-08,83.998573,508.205627,188.910004,39.639999
2014-05-09,83.648575,515.893311,190.080002,39.540001
2014-05-12,84.690002,527.022156,192.570007,39.970001
2014-05-13,84.822861,530.174805,192.190002,40.419998
2014-05-14,84.83857,523.77002,188.720001,40.240002
2014-05-15,84.117142,517.136536,186.460007,39.599998
2014-05-16,85.358574,517.782959,187.059998,39.830002
2014-05-19,86.370003,525.967957,187.0,39.75
2014-05-20,86.387146,526.872986,184.889999,39.68
2014-05-21,86.615715,535.992798,186.389999,40.349998
2014-05-22,86.752853,542.079346,185.679993,40.099998
2014-05-23,87.732857,549.677551,185.940002,40.119999
2014-05-27,89.375717,562.855103,184.779999,40.189999
2014-05-28,89.144287,558.608459,183.080002,40.009998
2014-05-29,90.76857,557.017212,183.759995,40.34
2014-05-30,90.428574,556.828247,184.360001,40.939999
2014-06-02,89.807144,550.900879,185.690002,40.790001
2014-06-03,91.077141,541.960022,184.369995,40.290001
2014-06-04,92.117142,541.681519,184.509995,40.32
2014-06-05,92.478569,550.871033,185.979996,41.209999
2014-06-06,92.224289,553.28772,186.369995,41.48
2014-06-09,93.699997,559.046082,186.220001,41.27
2014-06-10,94.25,557.484619,184.289993,41.110001
2014-06-11,93.860001,555.783997,182.25,40.860001
2014-06-12,92.290001,548.334961,181.220001,40.580002
2014-06-13,91.279999,548.742737,182.559998,41.23
2014-06-16,92.199997,541.30365,182.350006,41.5
2014-06-17,92.080002,540.040588,182.259995,41.68
2014-06-18,92.18,550.343933,183.600006,41.650002
2014-06-19,91.860001,551.86554,182.820007,41.509998
2014-06-20,90.910004,553.317566,181.550003,41.68
2014-06-23,90.830002,561.860596,182.139999,41.990002
2014-06-24,90.279999,561.53241,180.880005,41.75
2014-06-25,90.360001,575.485657,180.720001,42.029999
2014-06-26,90.900002,572.850159,180.369995,41.720001
2014-06-27,91.980003,574.083374,181.710007,42.25
2014-06-30,92.93,572.134094,181.270004,41.700001
2014-07-01,93.519997,579.483704,186.350006,41.869999
2014-07-02,93.480003,579.150513,188.389999,41.900002
2014-07-03,94.029999,581.53241,188.529999,41.799999
2014-07-07,95.970001,579.065979,188.039993,41.990002
2014-07-08,95.349998,567.967041,187.220001,41.779999
2014-07-09,95.389999,572.929749,188.419998,41.669998
2014-07-10,95.040001,567.976929,187.699997,41.689999
2014-07-11,95.220001,576.012756,188.0,42.09
2014-07-14,96.449997,581.671631,189.860001,42.139999
2014-07-15,95.32,581.582153,188.490005,42.450001
2014-07-16,94.779999,579.473755,192.360001,44.080002
2014-07-17,93.089996,570.59259,192.490005,44.529999
2014-07-18,94.43,591.825806,192.5,44.689999
2014-07-21,93.940002,586.246521,190.850006,44.84
2014-07-22,94.720001,591.487671,194.089996,44.830002
2014-07-23,97.190002,592.720886,193.630005,44.869999
2014-07-24,97.029999,590.105286,195.240005,44.400002
2014-07-25,97.669998,585.79895,194.399994,44.5
2014-07-28,99.019997,587.3703,195.779999,43.970001
2014-07-29,98.379997,582.407593,194.570007,43.889999
2014-07-30,98.150002,584.207703,194.0,43.580002
2014-07-31,95.599998,568.474243,191.669998,43.16
2014-08-01,96.129997,562.974487,189.149994,42.860001
2014-08-04,95.589996,570.015747,189.639999,43.369999
2014-08-05,95.120003,561.979919,187.100006,43.080002
2014-08-06,94.959999,563.276794,185.970001,42.740002
2014-08-07,94.480003,560.279297,184.300003,43.23
2014-08-08,94.739998,565.659729,186.630005,43.200001
2014-08-11,95.989998,564.774536,187.470001,43.200001
2014-08-12,95.970001,559.65271,187.339996,43.52
2014-08-13,97.239998,571.636841,187.949997,44.080002
2014-08-14,97.5,571.507568,187.880005,44.27
2014-08-15,97.980003,570.343933,187.380005,44.790001
2014-08-18,99.160004,578.976501,189.360001,45.110001
2014-08-19,100.529999,583.650757,190.070007,45.330002
2014-08-20,100.57,581.293762,190.100006,44.950001
2014-08-21,100.580002,580.179871,191.229996,45.220001
2014-08-22,101.32,579.374268,190.410004,45.150002
2014-08-25,101.540001,577.027222,191.160004,45.169998
2014-08-26,100.889999,574.700012,192.990005,45.009998
2014-08-27,102.129997,567.877502,192.25,44.869999
2014-08-28,102.25,566.087341,192.0,44.880001
2014-08-29,102.5,568.474243,192.300003,45.43
2014-09-02,103.300003,574.172913,191.559998,45.09
2014-09-03,98.940002,574.779541,191.949997,44.959999
2014-09-04,98.120003,578.797485,190.679993,45.259998
2014-09-05,98.970001,582.875061,191.199997,45.91
2014-09-08,98.360001,586.495117,190.139999,46.470001
2014-09-09,97.989998,577.832764,189.990005,46.759998
2014-09-10,101.0,579.911316,191.539993,46.84
2014-09-11,101.43,578.170898,191.720001,47.0
2014-09-12,101.660004,572.472229,191.279999,46.700001
2014-09-15,101.629997,569.966003,191.809998,46.240002
2014-09-16,100.860001,576.778564,192.960007,46.759998
2014-09-17,101.580002,581.572205,192.800003,46.52
2014-09-18,101.790001,586.047607,193.75,46.68
2014-09-19,100.959999,592.820374,194.0,47.52
2014-09-22,101.059998,584.157959,193.110001,47.060001
2014-09-23,102.639999,577.952087,191.619995,46.560001
2014-09-24,101.75,584.774597,192.309998,47.080002
2014-09-25,97.870003,571.915283,189.009995,46.040001
2014-09-26,100.75,573.944153,190.059998,46.41
2014-09-29,100.110001,573.208191,189.639999,46.439999
2014-09-30,100.75,574.202698,189.830002,46.360001
2014-10-01,99.18,565.162415,187.169998,45.900002
2014-10-02,99.900002,566.962524,186.910004,45.759998
2014-10-03,99.620003,572.134094,188.669998,46.09
2014-10-06,99.620003,574.192749,189.039993,46.09
2014-10-07,98.75,560.657227,185.710007,45.529999
2014-10-08,100.800003,569.369324,189.360001,46.779999
2014-10-09,101.019997,557.812866,186.419998,45.849998
2014-10-10,100.730003,541.512451,185.929993,44.029999
2014-10-13,99.809998,530.294128,183.520004,43.650002
2014-10-14,98.75,534.998291,183.800003,43.73
2014-10-15,97.540001,527.131531,181.75,43.220001
2014-10-16,96.260002,521.641724,179.839996,42.740002
2014-10-17,97.669998,508.374695,182.050003,43.630001
2014-10-20,99.760002,517.991821,169.100006,44.080002
2014-10-21,102.470001,523.660645,163.229996,44.880001
2014-10-22,102.989998,529.796875,161.789993,44.380001
2014-10-23,104.830002,541.005249,162.179993,45.02
2014-10-24,105.220001,536.828247,162.080002,46.130001
2014-10-27,105.110001,537.812805,161.869995,45.91
2014-10-28,106.739998,545.898376,163.600006,46.490002
2014-10-29,107.339996,546.325989,163.460007,46.619999
2014-10-30,106.980003,547.300659,164.350006,46.049999
2014-10-31,108.0,556.022705,164.399994,46.950001
2014-11-03,109.400002,552.183777,164.360001,47.439999
2014-11-04,108.599998,551.079895,162.649994,47.57
2014-11-05,108.860001,542.934631,161.820007,47.860001
2014-11-06,108.699997,539.075867,161.460007,48.700001
2014-11-07,109.010002,538.051514,162.070007,48.68
2014-11-10,108.830002,544.496094,163.490005,48.889999
2014-11-11,109.699997,547.280762,163.300003,48.869999
2014-11-12,111.25,544.317078,161.919998,48.779999
2014-11-13,112.82,542.397583,162.789993,49.610001
2014-11-14,114.18,541.422974,164.160004,49.580002
2014-11-17,113.989998,533.576111,164.160004,49.459999
2014-11-18,115.470001,532.104187,161.889999,48.740002
2014-11-19,114.669998,534.053467,161.429993,48.220001
2014-11-20,116.309998,531.905273,160.639999,48.700001
2014-11-21,116.470001,534.560669,160.919998,47.98
2014-11-24,118.629997,536.321045,162.149994,47.59
2014-11-25,117.599998,538.121094,161.759995,47.470001
2014-11-26,119.0,537.414978,161.949997,47.75
2014-11-28,118.93,538.867004,162.169998,47.810001
2014-12-01,115.07,530.88092,161.539993,48.619999
2014-12-02,114.629997,530.831177,162.669998,48.459999
2014-12-03,115.93,528.41449,164.520004,48.080002
2014-12-04,115.489998,534.371765,164.050003,48.84
2014-12-05,115.0,522.387634,163.270004,48.419998
2014-12-08,112.400002,524.098206,161.860001,47.700001
2014-12-09,114.120003,530.453308,162.990005,47.59
2014-12-10,111.949997,523.183228,160.509995,46.900002
2014-12-11,111.620003,525.450806,161.070007,47.169998
2014-12-12,109.730003,515.82373,155.380005,46.950001
2014-12-15,108.230003,510.990295,153.059998,46.669998
2014-12-16,106.75,492.680969,151.410004,45.16
2014-12-17,109.410004,502.129028,151.929993,45.740002
2014-12-18,112.650002,508.305054,157.679993,47.52
2014-12-19,111.779999,513.526367,158.509995,47.66
2014-12-22,112.940002,521.999756,161.440002,47.98
2014-12-23,112.540001,527.688477,162.240005,48.450001
2014-12-24,112.010002,525.878418,161.820007,48.139999
2014-12-26,113.989998,531.10968,162.339996,47.880001
2014-12-29,113.910004,527.429932,160.509995,47.450001
2014-12-30,112.519997,527.519409,160.050003,47.02
2014-12-31,110.379997,523.521423,160.440002,46.450001
2015-01-02,109.330002,521.937744,162.059998,46.759998
2015-01-05,106.25,511.057617,159.509995,46.330002
2015-01-06,106.260002,499.212799,156.070007,45.650002
2015-01-07,107.75,498.357513,155.050003,46.23
2015-01-08,111.889999,499.928864,158.419998,47.59
2015-01-09,112.010002,493.454498,159.110001,47.189999
2015-01-12,109.25,489.854309,156.440002,46.599998
2015-01-13,110.220001,493.464447,156.809998,46.360001
2015-01-14,109.800003,498.128784,155.800003,45.959999
2015-01-15,106.82,499.043732,154.570007,45.48
2015-01-16,105.989998,505.299316,157.139999,46.240002
2015-01-20,108.720001,504.125763,156.949997,46.389999
2015-01-21,109.550003,515.204773,152.089996,45.919998
2015-01-22,112.400002,531.465332,155.389999,47.130001
2015-01-23,112.980003,536.994873,155.869995,47.18
2015-01-26,113.099998,532.280823,156.360001,47.009998
2015-01-27,109.139999,515.791565,153.669998,42.66
2015-01-28,115.309998,507.208801,151.550003,41.189999
2015-01-29,118.900002,507.865204,155.479996,42.009998
2015-01-30,117.160004,531.594604,153.309998,40.400002
2015-02-02,118.629997,525.587646,154.660004,41.279999
2015-02-03,118.650002,526.343506,158.470001,41.599998
2015-02-04,119.559998,519.898987,156.960007,41.84
2015-02-05,119.940002,524.692566,157.910004,42.450001
2015-02-06,118.93,528.093872,156.720001,42.41
2015-02-09,119.720001,524.941223,155.75,42.360001
2015-02-10,122.019997,534.001343,158.559998,42.599998
2015-02-11,124.879997,533.036682,158.199997,42.380001
2015-02-12,126.459999,539.958557,158.520004,43.09
2015-02-13,127.080002,546.00531,160.399994,43.869999
2015-02-17,127.830002,539.86908,160.960007,43.580002
2015-02-18,128.720001,536.746277,162.190002,43.529999
2015-02-19,128.449997,539.901306,163.889999,43.5
2015-02-20,129.5,536.000366,163.649994,43.860001
2015-02-23,133.0,528.998901,162.910004,44.150002
2015-02-24,132.169998,533.156006,164.830002,44.09
2015-02-25,128.789993,540.893433,162.809998,43.990002
2015-02-26,130.419998,552.43988,160.869995,44.060001
2015-02-27,128.460007,555.343933,161.940002,43.849998
2015-03-02,129.089996,568.213074,160.479996,43.880001
2015-03-03,129.360001,570.500488,161.029999,43.279999
2015-03-04,128.539993,570.231995,159.419998,43.060001
2015-03-05,126.410004,572.181274,161.179993,43.110001
2015-03-06,126.599998,564.578125,158.5,42.360001
2015-03-09,127.139999,565.736694,160.770004,42.849998
2015-03-10,124.510002,551.972473,157.809998,42.029999
2015-03-11,122.239998,548.163452,156.800003,41.98
2015-03-12,124.449997,552.469727,157.979996,41.02
2015-03-13,123.589996,544.324585,154.279999,41.380001
2015-03-16,124.949997,551.47522,157.080002,41.560001
2015-03-17,127.040001,547.825317,156.960007,41.700001
2015-03-18,128.470001,556.437866,159.809998,42.5
2015-03-19,127.5,554.936157,159.809998,42.290001
2015-03-20,125.900002,557.293213,162.880005,42.880001
2015-03-23,127.209999,555.751648,164.630005,42.860001
2015-03-24,126.690002,567.069397,163.0,42.900002
2015-03-25,123.379997,555.726807,159.199997,41.459999
2015-03-26,124.239998,552.131592,160.589996,41.209999
2015-03-27,123.25,545.338989,160.399994,40.970001
2015-03-30,126.370003,549.008789,162.669998,40.959999
2015-03-31,124.43,545.000854,160.5,40.66
2015-04-01,124.25,539.590576,159.179993,40.720001
2015-04-02,125.32,532.59906,160.449997,40.290001
2015-04-06,127.349998,533.827332,162.039993,41.549999
2015-04-07,126.010002,534.080933,162.070007,41.529999
2015-04-08,125.599998,538.645813,161.850006,41.419998
2015-04-09,126.559998,537.820374,162.339996,41.48
2015-04-10,127.099998,537.054565,162.860001,41.720001
2015-04-13,126.849998,536.219177,162.380005,41.759998
2015-04-14,126.300003,527.487183,162.300003,41.650002
2015-04-15,126.779999,529.617859,164.130005,42.259998
2015-04-16,126.169998,530.87854,163.130005,42.16
2015-04-17,124.75,521.181885,160.669998,41.619999
2015-04-20,127.599998,532.44989,166.160004,42.91
2015-04-21,126.910004,531.049988,164.259995,42.639999
2015-04-22,128.619995,536.413086,165.360001,42.990002
2015-04-23,129.669998,544.006287,170.240005,43.34
2015-04-24,130.279999,561.967468,169.779999,47.869999
2015-04-27,132.649994,555.369995,170.729996,48.029999
2015-04-28,130.559998,553.679993,173.919998,49.16
2015-04-29,128.639999,549.080017,174.399994,49.060001
2015-04-30,125.150002,537.340027,171.289993,48.639999
2015-05-01,128.949997,537.900024,173.669998,48.66
2015-05-04,128.699997,540.780029,173.970001,48.240002
2015-05-05,125.800003,530.799988,173.080002,47.599998
2015-05-06,125.010002,524.219971,170.050003,46.279999
2015-05-07,125.260002,530.700012,170.990005,46.700001
2015-05-08,127.620003,538.219971,172.679993,47.75
2015-05-11,126.32,535.700012,171.119995,47.369999
2015-05-12,125.870003,529.039978,170.550003,47.349998
2015-05-13,126.010002,529.619995,172.279999,47.630001
2015-05-14,128.949997,538.400024,174.050003,48.720001
2015-05-15,128.770004,533.849976,173.259995,48.299999
2015-05-18,130.190002,532.299988,173.059998,48.009998
2015-05-19,130.070007,537.359985,173.479996,47.580002
2015-05-20,130.059998,539.27002,173.759995,47.580002
2015-05-21,131.389999,542.51001,173.339996,47.419998
2015-05-22,132.539993,540.109985,172.220001,46.900002
2015-05-26,129.619995,532.320007,170.130005,46.59
2015-05-27,132.039993,539.789978,172.0,47.610001
2015-05-28,131.779999,539.780029,171.710007,47.450001
2015-05-29,130.279999,532.109985,169.649994,46.860001
2015-06-01,130.539993,533.98999,170.179993,47.23
2015-06-02,129.960007,539.179993,169.649994,46.919998
2015-06-03,130.119995,540.309998,169.919998,46.849998
2015-06-04,129.360001,536.700012,168.380005,46.360001
2015-06-05,128.649994,533.330017,167.399994,46.139999
2015-06-08,127.800003,526.830017,165.339996,45.73
2015-06-09,127.419998,526.690002,165.679993,45.650002
2015-06-10,128.880005,536.690002,168.919998,46.610001
2015-06-11,128.589996,534.609985,168.779999,46.439999
2015-06-12,127.169998,532.330017,166.990005,45.970001
2015-06-15,126.919998,527.200012,166.259995,45.48
2015-06-16,127.599998,528.150024,166.839996,45.830002
2015-06-17,127.300003,529.26001,167.169998,45.970001
2015-06-18,127.879997,536.72998,168.25,46.720001
2015-06-19,126.599998,536.690002,166.990005,46.099998
2015-06-22,127.610001,538.190002,167.729996,46.23
2015-06-23,127.029999,540.47998,168.619995,45.91
2015-06-24,128.110001,537.840027,166.970001,45.639999
2015-06-25,127.5,535.22998,166.080002,45.650002
2015-06-26,126.75,531.690002,165.460007,45.259998
2015-06-29,124.529999,521.52002,162.970001,44.369999
2015-06-30,125.43,520.51001,162.660004,44.150002
2015-07-01,126.599998,521.840027,164.490005,44.450001
2015-07-02,126.440002,523.400024,165.089996,44.400002
2015-07-06,126.0,522.859985,164.729996,44.389999
2015-07-07,125.690002,525.02002,165.0,44.299999
2015-07-08,122.57,516.830017,163.160004,44.240002
2015-07-09,120.07,520.679993,163.850006,44.52
2015-07-10,123.279999,530.130005,166.949997,44.610001
2015-07-13,125.660004,546.549988,169.380005,45.540001
2015-07-14,125.610001,561.099976,168.610001,45.619999
2015-07-15,126.82,560.219971,168.529999,45.759998
2015-07-16,128.509995,579.849976,171.0,46.66
2015-07-17,129.619995,672.929993,172.509995,46.619999
2015-07-20,132.070007,663.02002,173.220001,46.919998
2015-07-21,130.75,662.299988,163.070007,47.279999
2015-07-22,125.220001,662.099976,160.350006,45.540001
2015-07-23,125.160004,644.280029,161.729996,46.110001
2015-07-24,124.5,623.559998,159.75,45.939999
2015-07-27,122.769997,627.26001,159.070007,45.349998
2015-07-28,123.379997,628.0,160.050003,45.34
2015-07-29,122.989998,631.929993,161.089996,46.290001
2015-07-30,122.370003,632.590027,160.960007,46.880001
2015-07-31,121.300003,625.609985,161.990005,46.700001
2015-08-03,118.440002,631.210022,158.710007,46.810001
2015-08-04,114.639999,629.25,157.600006,47.540001
2015-08-05,115.400002,643.780029,157.899994,47.580002
2015-08-06,115.129997,642.679993,156.320007,46.619999
2015-08-07,115.519997,635.299988,155.119995,46.740002
2015-08-10,119.720001,633.72998,156.75,47.330002
2015-08-11,113.489998,660.780029,155.509995,46.41
2015-08-12,115.239998,659.559998,156.160004,46.740002
2015-08-13,115.150002,656.450012,155.070007,46.73
2015-08-14,115.959999,657.119995,155.75,47.0
2015-08-17,117.160004,660.869995,156.309998,47.32
2015-08-18,116.5,656.130005,156.009995,47.27
2015-08-19,115.010002,660.900024,153.940002,46.610001
2015-08-20,112.650002,646.830017,152.660004,45.66
2015-08-21,105.760002,612.47998,148.850006,43.07
2015-08-24,103.120003,589.609985,143.470001,41.68
2015-08-25,103.739998,582.059998,140.960007,40.470001
2015-08-26,109.690002,628.619995,146.699997,42.709999
2015-08-27,112.919998,637.609985,148.539993,43.900002
2015-08-28,113.290001,630.380005,147.979996,43.93
2015-08-31,112.760002,618.25,147.889999,43.52
2015-09-01,107.720001,597.789978,142.679993,41.82
2015-09-02,112.339996,614.340027,145.050003,43.360001
2015-09-03,110.370003,606.25,146.779999,43.5
2015-09-04,109.269997,600.700012,143.699997,42.610001
2015-09-08,112.309998,614.659973,147.229996,43.889999
2015-09-09,110.150002,612.719971,145.050003,43.07
2015-09-10,112.57,621.349976,146.199997,43.290001
2015-09-11,114.209999,625.77002,147.369995,43.48
2015-09-14,115.309998,623.23999,145.649994,43.040001
2015-09-15,116.279999,635.140015,147.529999,43.98
2015-09-16,116.410004,635.97998,148.410004,44.299999
2015-09-17,113.919998,642.900024,148.139999,44.25
2015-09-18,113.449997,629.25,144.509995,43.48
2015-09-21,115.209999,635.440002,146.479996,44.110001
2015-09-22,113.400002,622.690002,144.429993,43.900002
2015-09-23,114.32,622.359985,143.660004,43.869999
2015-09-24,115.0,625.799988,144.410004,43.91
2015-09-25,114.709999,611.969971,145.419998,43.939999
2015-09-28,112.440002,594.890015,142.520004,43.290001
2015-09-29,109.059998,594.969971,142.470001,43.439999
2015-09-30,110.300003,608.419983,144.970001,44.259998
2015-10-01,109.580002,611.289978,143.589996,44.610001
2015-10-02,110.379997,626.909973,144.580002,45.57
2015-10-05,110.779999,641.469971,149.039993,46.630001
2015-10-06,111.309998,645.440002,148.779999,46.75
2015-10-07,110.779999,642.359985,150.089996,46.799999
2015-10-08,109.5,639.159973,152.279999,47.450001
2015-10-09,112.120003,643.609985,152.389999,47.110001
2015-10-12,111.599998,646.669983,151.139999,47.0
2015-10-13,111.790001,652.299988,149.619995,46.889999
2015-10-14,110.209999,651.159973,150.009995,46.68
2015-10-15,111.860001,661.73999,150.089996,47.009998
2015-10-16,111.040001,662.200012,150.389999,47.509998
2015-10-19,111.730003,666.099976,149.220001,47.619999
2015-10-20,113.769997,650.280029,140.639999,47.77
2015-10-21,113.760002,642.609985,140.919998,47.200001
2015-10-22,115.5,651.789978,144.089996,48.029999
2015-10-23,119.080002,702.0,144.679993,52.869999
2015-10-26,115.279999,712.780029,143.660004,54.25
2015-10-27,114.550003,708.48999,137.860001,53.689999
2015-10-28,119.269997,712.950012,140.830002,53.98
2015-10-29,120.529999,716.919983,140.550003,53.360001
2015-10-30,119.5,710.809998,140.080002,52.639999
2015-11-02,121.18,721.109985,140.369995,53.240002
2015-11-03,122.57,722.159973,141.880005,54.150002
2015-11-04,122.0,728.109985,141.630005,54.400002
2015-11-05,120.919998,731.25,139.889999,54.380001
2015-11-06,121.059998,733.76001,138.25,54.919998
2015-11-09,120.57,724.890015,135.309998,54.16
2015-11-10,116.769997,728.320007,135.470001,53.509998
2015-11-11,116.110001,735.400024,135.020004,53.650002
2015-11-12,115.720001,731.22998,133.039993,53.32
2015-11-13,112.339996,717.0,131.75,52.84
2015-11-16,114.18,728.960022,133.710007,53.77
2015-11-17,113.690002,725.299988,133.820007,52.970001
2015-11-18,117.290001,740.0,135.820007,53.849998
2015-11-19,118.779999,738.409973,136.740005,53.939999
2015-11-20,119.300003,756.599976,138.5,54.189999
2015-11-23,117.75,755.97998,138.460007,54.189999
2015-11-24,118.879997,748.280029,138.600006,54.25
2015-11-25,118.029999,748.150024,138.0,53.689999
2015-11-27,117.809998,750.26001,138.460007,53.93
2015-11-30,118.300003,742.599976,139.419998,54.349998
2015-12-01,117.339996,767.039978,141.279999,55.220001
2015-12-02,116.279999,762.380005,139.699997,55.209999
2015-12-03,115.199997,752.539978,138.919998,54.200001
2015-12-04,119.029999,766.809998,140.429993,55.91
2015-12-07,118.279999,763.25,139.550003,55.810001
2015-12-08,118.230003,762.369995,138.050003,55.790001
2015-12-09,115.620003,751.609985,136.610001,54.98
2015-12-10,116.169998,749.460022,136.779999,55.27
2015-12-11,113.18,738.869995,134.570007,54.060001
2015-12-14,112.480003,747.77002,135.929993,55.139999
2015-12-15,110.489998,743.400024,137.789993,55.200001
2015-12-16,111.339996,758.090027,139.289993,56.130001
2015-12-17,108.980003,749.429993,136.75,55.700001
2015-12-18,106.029999,739.309998,134.899994,54.130001
2015-12-21,107.330002,747.77002,135.5,54.830002
2015-12-22,107.230003,750.0,137.929993,55.349998
2015-12-23,108.610001,750.309998,138.539993,55.82
2015-12-24,108.029999,748.400024,138.25,55.669998
2015-12-28,106.82,762.51001,137.610001,55.950001
2015-12-29,108.739998,776.599976,139.779999,56.549999
2015-12-30,107.32,771.0,139.339996,56.310001
2015-12-31,105.260002,758.880005,137.619995,55.48
2016-01-04,105.349998,741.840027,135.949997,54.799999
2016-01-05,102.709999,742.580017,135.850006,55.049999
2016-01-06,100.699997,743.619995,135.169998,54.049999
2016-01-07,96.449997,726.390015,132.860001,52.169998
2016-01-08,96.959999,714.469971,131.630005,52.330002
2016-01-11,98.529999,716.030029,133.229996,52.299999
2016-01-12,99.959999,726.070007,132.899994,52.779999
2016-01-13,97.389999,700.559998,131.169998,51.639999
2016-01-14,99.519997,714.719971,132.910004,53.110001
2016-01-15,97.129997,694.450012,130.029999,50.990002
2016-01-19,96.660004,701.789978,128.110001,50.560001
2016-01-20,96.790001,698.450012,121.860001,50.790001
2016-01-21,96.300003,706.590027,122.910004,50.48
2016-01-22,101.419998,725.25,122.5,52.290001
2016-01-25,99.440002,711.669983,122.080002,51.790001
2016-01-26,99.989998,713.039978,122.589996,52.169998
2016-01-27,93.419998,699.98999,120.959999,51.220001
2016-01-28,94.089996,730.960022,122.220001,52.060001
2016-01-29,97.339996,742.950012,124.790001,55.09
2016-02-01,96.43,752.0,124.830002,54.709999
2016-02-02,94.480003,764.650024,122.940002,53.0
2016-02-03,96.349998,726.950012,124.720001,52.16
2016-02-04,96.599998,708.01001,127.650002,52.0
2016-02-05,94.019997,683.570007,128.570007,50.16
2016-02-08,95.010002,682.73999,126.980003,49.41
2016-02-09,94.989998,678.109985,124.07,49.279999
2016-02-10,94.269997,684.119995,120.190002,49.709999
2016-02-11,93.699997,683.109985,117.849998,49.689999
2016-02-12,93.989998,682.400024,121.040001,50.5
2016-02-16,96.639999,691.0,122.739998,51.09
2016-02-17,98.120003,708.400024,126.099998,52.419998
2016-02-18,96.260002,697.349976,132.449997,52.189999
2016-02-19,96.040001,700.909973,133.080002,51.82
2016-02-22,96.879997,706.460022,133.770004,52.650002
2016-02-23,94.690002,695.849976,132.399994,51.18
2016-02-24,96.099998,699.559998,132.800003,51.360001
2016-02-25,96.760002,705.75,134.5,52.099998
2016-02-26,96.910004,705.070007,132.029999,51.299999
2016-02-29,96.690002,697.77002,131.029999,50.880001
2016-03-01,100.529999,718.809998,134.369995,52.580002
2016-03-02,100.75,718.849976,136.300003,52.950001
2016-03-03,101.5,712.419983,137.800003,52.349998
2016-03-04,103.010002,710.890015,137.800003,52.029999
2016-03-07,101.870003,695.159973,140.149994,51.029999
2016-03-08,101.029999,693.969971,139.070007,51.650002
2016-03-09,101.120003,705.23999,140.410004,52.84
2016-03-10,101.169998,712.820007,140.190002,52.049999
2016-03-11,102.260002,726.820007,142.360001,53.07
2016-03-14,102.519997,730.48999,142.779999,53.169998
2016-03-15,104.580002,728.330017,142.960007,53.59
2016-03-16,105.970001,736.090027,144.789993,54.349998
2016-03-17,105.800003,737.780029,147.039993,54.66
2016-03-18,105.919998,737.599976,147.089996,53.490002
2016-03-21,105.910004,742.090027,148.630005,53.860001
2016-03-22,106.720001,740.75,148.100006,54.07
2016-03-23,106.129997,738.059998,145.399994,53.970001
2016-03-24,105.669998,735.299988,147.949997,54.209999
2016-03-28,105.190002,733.530029,148.399994,53.540001
2016-03-29,107.68,744.77002,149.330002,54.709999
2016-03-30,109.559998,750.530029,148.410004,55.049999
2016-03-31,108.989998,744.950012,151.449997,55.23
2016-04-01,109.989998,749.909973,152.520004,55.57
2016-04-04,111.120003,745.289978,152.070007,55.43
2016-04-05,109.809998,737.799988,150.0,54.560001
2016-04-06,110.959999,745.690002,150.020004,55.119999
2016-04-07,108.540001,740.280029,148.25,54.459999
2016-04-08,108.660004,739.150024,149.350006,54.419998
2016-04-11,109.019997,736.099976,149.25,54.310001
2016-04-12,110.440002,743.090027,149.630005,54.650002
2016-04-13,112.040001,751.719971,151.229996,55.349998
2016-04-14,112.099998,753.200012,151.160004,55.360001
2016-04-15,109.849998,759.0,151.720001,55.650002
2016-04-18,107.480003,766.609985,152.529999,56.459999
2016-04-19,106.910004,753.929993,144.0,56.389999
2016-04-20,107.129997,752.669983,146.110001,55.59
2016-04-21,105.970001,759.140015,149.300003,55.779999
2016-04-22,105.68,718.77002,148.5,51.779999
2016-04-25,105.080002,723.150024,148.809998,52.110001
2016-04-26,104.349998,708.140015,149.080002,51.439999
2016-04-27,97.82,705.840027,150.470001,50.939999
2016-04-28,94.830002,691.02002,147.070007,49.900002
2016-04-29,93.739998,693.01001,145.940002,49.869999
2016-05-02,93.639999,698.210022,145.270004,50.610001
2016-05-03,95.18,692.359985,144.130005,49.779999
2016-05-04,94.190002,695.700012,144.25,49.869999
2016-05-05,93.239998,701.429993,146.470001,49.939999
2016-05-06,92.720001,711.119995,147.289993,50.389999
2016-05-09,92.790001,712.900024,147.339996,50.07
2016-05-10,93.419998,723.179993,149.970001,51.02
2016-05-11,92.510002,715.289978,148.949997,51.049999
2016-05-12,90.339996,713.309998,148.839996,51.509998
2016-05-13,90.519997,710.830017,147.720001,51.080002
2016-05-16,93.879997,716.48999,149.460007,51.830002
2016-05-17,93.489998,706.22998,148.0,50.509998
2016-05-18,94.559998,706.630005,147.339996,50.810001
2016-05-19,94.199997,700.320007,144.929993,50.32
2016-05-20,95.220001,709.73999,147.25,50.619999
2016-05-23,96.43,704.23999,146.770004,50.029999
2016-05-24,97.900002,720.090027,148.309998,51.59
2016-05-25,99.620003,725.27002,151.690002,52.119999
2016-05-26,100.410004,724.119995,152.440002,51.889999
2016-05-27,100.349998,732.659973,152.839996,52.32
2016-05-31,99.860001,735.719971,153.740005,53.0
2016-06-01,98.459999,734.150024,152.509995,52.849998
2016-06-02,97.720001,730.400024,153.5,52.48
2016-06-03,97.919998,722.340027,152.889999,51.790001
2016-06-06,98.629997,716.549988,152.729996,52.130001
2016-06-07,99.029999,716.650024,153.330002,52.099998
2016-06-08,98.940002,728.280029,154.0,52.040001
2016-06-09,99.650002,728.580017,153.419998,51.619999
2016-06-10,98.830002,719.409973,152.369995,51.48
2016-06-13,97.339996,718.359985,151.279999,50.139999
2016-06-14,97.459999,718.27002,151.059998,49.830002
2016-06-15,97.139999,718.919983,150.679993,49.689999
2016-06-16,97.550003,710.359985,151.059998,50.389999
2016-06-17,95.330002,691.719971,151.990005,50.130001
2016-06-20,95.099998,693.710022,153.610001,50.07
2016-06-21,95.910004,695.940002,154.050003,51.189999
2016-06-22,95.550003,697.460022,152.919998,50.990002
2016-06-23,96.099998,701.869995,155.350006,51.91
2016-06-24,93.400002,675.219971,146.589996,49.830002
2016-06-27,92.040001,668.26001,143.5,48.43
2016-06-28,93.589996,680.039978,145.699997,49.439999
2016-06-29,94.400002,684.109985,148.460007,50.540001
2016-06-30,95.599998,692.099976,151.779999,51.169998
2016-07-01,95.889999,699.210022,152.350006,51.16
2016-07-05,94.989998,694.950012,151.679993,51.169998
2016-07-06,95.529999,697.77002,152.369995,51.380001
2016-07-07,95.940002,695.359985,152.600006,51.380001
2016-07-08,96.68,705.630005,154.460007,52.299999
2016-07-11,96.980003,715.090027,155.330002,52.59
2016-07-12,97.419998,720.640015,157.039993,53.209999
2016-07-13,96.870003,716.97998,158.020004,53.509998
2016-07-14,98.790001,720.950012,160.279999,53.740002
2016-07-15,98.779999,719.849976,159.779999,53.700001
2016-07-18,99.830002,733.780029,159.860001,53.959999
2016-07-19,99.870003,736.960022,159.580002,53.09
2016-07-20,99.959999,741.190002,161.360001,55.91
2016-07-21,99.43,738.630005,160.449997,55.799999
2016-07-22,98.660004,742.73999,162.070007,56.57
2016-07-25,97.339996,739.77002,162.649994,56.73
2016-07-26,96.669998,738.419983,162.119995,56.759998
2016-07-27,102.949997,741.77002,161.830002,56.189999
2016-07-28,104.339996,745.909973,161.369995,56.209999
2016-07-29,104.209999,768.789978,160.619995,56.68
2016-08-01,106.050003,772.880005,161.449997,56.580002
2016-08-02,104.480003,771.070007,160.580002,56.580002
2016-08-03,105.790001,773.179993,160.669998,56.970001
2016-08-04,105.870003,771.609985,161.550003,57.389999
2016-08-05,107.480003,782.219971,163.5,57.959999
2016-08-08,108.370003,781.76001,162.039993,58.060001
2016-08-09,108.809998,784.26001,161.770004,58.200001
2016-08-10,108.0,784.679993,162.080002,58.02
2016-08-11,107.93,784.849976,163.529999,58.299999
2016-08-12,108.18,783.219971,161.949997,57.939999
2016-08-15,109.480003,782.440002,161.880005,58.119999
2016-08-16,109.379997,777.140015,160.699997,57.439999
2016-08-17,109.220001,779.909973,160.440002,57.560001
2016-08-18,109.080002,777.5,161.360001,57.599998
2016-08-19,109.360001,775.419983,160.039993,57.619999
2016-08-22,108.510002,772.150024,160.0,57.669998
2016-08-23,108.849998,772.080017,160.259995,57.889999
2016-08-24,108.029999,769.640015,159.050003,57.950001
2016-08-25,107.57,769.409973,158.630005,58.169998
2016-08-26,106.940002,769.539978,158.320007,58.029999
2016-08-29,106.82,772.150024,159.720001,58.099998
2016-08-30,106.0,769.090027,159.399994,57.889999
2016-08-31,106.099998,767.049988,158.880005,57.459999
2016-09-01,106.730003,768.780029,159.539993,57.59
2016-09-02,107.730003,771.460022,159.550003,57.669998
2016-09-06,107.699997,780.080017,160.350006,57.610001
2016-09-07,108.360001,780.349976,161.639999,57.66
2016-09-08,105.519997,775.320007,159.0,57.43
2016-09-09,103.129997,759.659973,155.690002,56.209999
2016-09-12,105.440002,769.02002,158.289993,57.049999
2016-09-13,107.949997,759.690002,155.809998,56.529999
2016-09-14,111.769997,762.48999,154.050003,56.259998
2016-09-15,115.57,771.76001,155.660004,57.189999
2016-09-16,114.919998,768.880005,153.839996,57.25
2016-09-19,113.580002,765.700012,154.869995,56.93
2016-09-20,113.57,771.409973,154.449997,56.810001
2016-09-21,113.550003,776.219971,155.529999,57.759998
2016-09-22,114.620003,787.210022,156.110001,57.82
2016-09-23,112.709999,786.900024,154.979996,57.43
2016-09-26,112.879997,774.210022,153.979996,56.900002
2016-09-27,113.089996,783.01001,156.770004,57.950001
2016-09-28,113.949997,781.559998,158.289993,58.029999
2016-09-29,112.18,775.01001,158.110001,57.400002
2016-09-30,113.050003,777.289978,158.850006,57.599998
2016-10-03,112.519997,772.559998,157.610001,57.419998
2016-10-04,113.0,776.429993,156.460007,57.240002
2016-10-05,113.050003,776.469971,157.080002,57.639999
2016-10-06,113.889999,776.859985,156.880005,57.740002
2016-10-07,114.059998,775.080017,155.669998,57.799999
2016-10-10,116.050003,785.940002,157.020004,58.040001
2016-10-11,116.300003,783.070007,154.789993,57.189999
2016-10-12,117.339996,786.140015,154.289993,57.110001
2016-10-13,116.980003,778.190002,153.720001,56.919998
2016-10-14,117.629997,778.530029,154.449997,57.419998
2016-10-17,117.550003,779.960022,154.770004,57.220001
2016-10-18,117.470001,795.26001,150.720001,57.66
2016-10-19,117.120003,801.5,151.259995,57.529999
2016-10-20,117.059998,796.969971,151.520004,57.25
2016-10-21,116.599998,799.369995,149.630005,59.66
2016-10-24,117.650002,813.109985,150.570007,61.0
2016-10-25,118.25,807.669983,150.880005,60.990002
2016-10-26,115.589996,799.070007,151.809998,60.630001
2016-10-27,114.480003,795.349976,153.350006,60.099998
2016-10-28,113.720001,795.369995,152.610001,59.869999
2016-10-31,113.540001,784.539978,153.690002,59.919998
2016-11-01,111.489998,783.609985,152.789993,59.799999
2016-11-02,111.589996,768.700012,151.949997,59.43
2016-11-03,109.830002,762.130005,152.369995,59.209999
2016-11-04,108.839996,762.02002,152.429993,58.709999
2016-11-07,110.410004,782.52002,155.720001,60.419998
2016-11-08,111.059998,790.51001,155.169998,60.470001
2016-11-09,110.879997,785.309998,154.809998,60.169998
2016-11-10,107.790001,762.559998,160.220001,58.700001
2016-11-11,108.43,754.02002,161.270004,59.02
2016-11-14,105.709999,736.080017,158.210007,58.119999
2016-11-15,107.110001,758.48999,158.669998,58.869999
2016-11-16,109.989998,764.47998,159.289993,59.650002
2016-11-17,109.949997,771.22998,159.800003,60.639999
2016-11-18,110.059998,760.539978,160.389999,60.349998
2016-11-21,111.730003,769.200012,162.770004,60.860001
2016-11-22,111.800003,768.27002,162.669998,61.119999
2016-11-23,111.230003,760.98999,161.979996,60.400002
2016-11-25,111.790001,761.679993,163.139999,60.529999
2016-11-28,111.57,768.23999,164.520004,60.610001
2016-11-29,111.459999,770.840027,163.529999,61.09
2016-11-30,110.519997,758.039978,162.220001,60.259998
2016-12-01,109.489998,747.919983,159.820007,59.200001
2016-12-02,109.900002,750.5,160.020004,59.25
2016-12-05,109.110001,762.52002,159.839996,60.220001
2016-12-06,109.949997,759.109985,160.350006,59.950001
2016-12-07,111.029999,771.190002,164.789993,61.369999
2016-12-08,112.120003,776.419983,165.360001,61.009998
2016-12-09,113.949997,789.289978,166.520004,61.970001
2016-12-12,113.300003,789.27002,165.5,62.169998
2016-12-13,115.190002,796.099976,168.289993,62.98
2016-12-14,115.190002,797.070007,168.509995,62.68
2016-12-15,115.82,797.849976,168.020004,62.580002
2016-12-16,115.970001,790.799988,166.729996,62.299999
2016-12-19,116.639999,794.200012,166.679993,63.619999
2016-12-20,116.949997,796.419983,167.600006,63.540001
2016-12-21,117.059998,794.559998,167.330002,63.540001
2016-12-22,116.290001,791.26001,167.059998,63.549999
2016-12-23,116.519997,789.909973,166.710007,63.240002
2016-12-27,117.260002,791.549988,167.139999,63.279999
2016-12-28,116.760002,785.049988,166.190002,62.990002
2016-12-29,116.730003,782.789978,166.600006,62.900002
2016-12-30,115.82,771.820007,165.990005,62.139999
2017-01-03,116.150002,786.140015,167.190002,62.580002
2017-01-04,116.019997,786.900024,169.259995,62.299999
2017-01-05,116.610001,794.02002,168.699997,62.299999
2017-01-06,117.910004,806.150024,169.529999,62.84
2017-01-09,118.989998,806.650024,167.649994,62.639999
2017-01-10,119.110001,804.789978,165.520004,62.619999
2017-01-11,119.75,807.909973,167.75,63.189999
2017-01-12,119.25,806.359985,167.949997,62.610001
2017-01-13,119.040001,807.880005,167.339996,62.700001
2017-01-17,120.0,804.609985,167.889999,62.529999
2017-01-18,119.989998,806.070007,166.800003,62.5
2017-01-19,119.779999,802.174988,166.809998,62.299999
2017-01-20,120.0,805.02002,170.550003,62.740002
2017-01-23,120.080002,819.309998,171.029999,62.959999
2017-01-24,119.970001,823.869995,175.899994,63.52
2017-01-25,121.879997,835.669983,178.289993,63.68
2017-01-26,121.940002,832.150024,178.660004,64.269997
2017-01-27,121.949997,823.309998,177.300003,65.779999
2017-01-30,121.629997,802.320007,175.800003,65.129997
2017-01-31,121.349998,796.789978,174.520004,64.650002
2017-02-01,128.75,795.695007,174.289993,63.580002
2017-02-02,128.529999,798.530029,174.580002,63.169998
2017-02-03,129.080002,801.48999,175.820007,63.68
2017-02-06,130.289993,801.340027,175.860001,63.639999
2017-02-07,131.529999,806.969971,178.460007,63.43
2017-02-08,132.039993,808.380005,176.169998,63.34
2017-02-09,132.419998,809.559998,177.210007,64.059998
2017-02-10,132.119995,813.669983,178.679993,64.0
2017-02-13,133.289993,819.23999,179.360001,64.720001
2017-02-14,135.020004,820.450012,180.130005,64.57
2017-02-15,135.509995,818.97998,181.679993,64.529999
2017-02-16,135.350006,824.159973,181.429993,64.519997
2017-02-17,135.720001,828.070007,180.669998,64.620003
2017-02-21,136.699997,831.659973,180.259995,64.489998
2017-02-22,137.110001,830.76001,181.149994,64.360001
2017-02-23,136.529999,831.330017,181.649994,64.620003
2017-02-24,136.660004,828.640015,181.350006,64.620003
2017-02-27,136.929993,829.280029,179.399994,64.230003
2017-02-28,136.990005,823.210022,179.820007,63.98
2017-03-01,139.789993,835.23999,181.949997,64.940002
2017-03-02,138.960007,830.630005,180.529999,64.010002
2017-03-03,139.779999,829.080017,180.050003,64.25
2017-03-06,139.339996,827.780029,180.470001,64.269997
2017-03-07,139.520004,831.909973,180.380005,64.400002
2017-03-08,139.0,835.369995,179.449997,64.989998
2017-03-09,138.679993,838.679993,177.179993,64.730003
2017-03-10,139.139999,843.25,177.830002,64.93
2017-03-13,139.199997,845.539978,176.460007,64.709999
2017-03-14,138.990005,845.619995,175.720001,64.410004
2017-03-15,140.460007,847.200012,175.809998,64.75
2017-03-16,140.690002,848.780029,177.240005,64.639999
2017-03-17,139.990005,852.119995,175.649994,64.870003
2017-03-20,141.460007,848.400024,175.699997,64.93
2017-03-21,139.839996,830.460022,173.880005,64.209999
2017-03-22,141.419998,829.590027,174.779999,65.029999
2017-03-23,140.919998,817.580017,174.820007,64.870003
2017-03-24,140.639999,814.429993,173.830002,64.980003
2017-03-27,140.880005,819.51001,173.770004,65.099998
2017-03-28,143.800003,820.919983,174.509995,65.290001
2017-03-29,144.119995,831.409973,173.940002,65.470001
2017-03-30,143.929993,831.5,173.860001,65.709999
2017-03-31,143.660004,829.559998,174.139999,65.860001
2017-04-03,143.699997,838.549988,174.5,65.550003
2017-04-04,144.770004,834.570007,174.520004,65.730003
2017-04-05,144.020004,831.409973,172.880005,65.559998
2017-04-06,143.660004,827.880005,172.449997,65.730003
2017-04-07,143.339996,824.669983,172.139999,65.68
2017-04-10,143.169998,824.72998,171.199997,65.529999
2017-04-11,141.630005,823.349976,170.580002,65.480003
2017-04-12,141.800003,824.320007,170.660004,65.230003
2017-04-13,141.050003,823.559998,169.529999,64.949997
2017-04-17,141.830002,837.169983,171.100006,65.480003
2017-04-18,141.199997,836.820007,170.050003,65.389999
2017-04-19,140.679993,838.210022,161.690002,65.040001
2017-04-20,142.440002,841.650024,162.300003,65.5
2017-04-21,142.270004,843.190002,160.380005,66.400002
2017-04-24,143.639999,862.76001,160.75,67.529999
2017-04-25,144.529999,872.299988,160.389999,67.919998
2017-04-26,143.679993,871.72998,160.059998,67.830002
2017-04-27,143.789993,874.25,160.320007,68.269997
2017-04-28,143.649994,905.960022,160.289993,68.459999
2017-05-01,146.580002,912.570007,158.839996,69.410004
2017-05-02,147.509995,916.440002,159.100006,69.300003
2017-05-03,147.059998,927.039978,158.630005,69.080002
2017-05-04,146.529999,931.659973,159.050003,68.809998
2017-05-05,148.960007,927.130005,155.050003,69.0
2017-05-08,153.009995,934.299988,153.029999,68.940002
2017-05-09,153.990005,932.169983,152.110001,69.040001
2017-05-10,153.259995,928.780029,151.25,69.309998
2017-05-11,153.949997,930.599976,150.649994,68.459999
2017-05-12,156.100006,932.219971,150.369995,68.379997
2017-05-15,155.699997,937.080017,151.509995,68.43
2017-05-16,155.470001,943.0,153.679993,69.410004
2017-05-17,150.25,919.619995,150.929993,67.480003
2017-05-18,152.539993,930.23999,150.779999,67.709999
2017-05-19,153.059998,934.01001,151.979996,67.690002
2017-05-22,153.990005,941.859985,152.639999,68.449997
2017-05-23,153.800003,948.820007,152.029999,68.68
2017-05-24,153.339996,954.960022,152.509995,68.769997
2017-05-25,153.869995,969.539978,153.199997,69.620003
2017-05-26,153.610001,971.469971,152.490005,69.959999
2017-05-30,153.669998,975.880005,151.729996,70.410004
2017-05-31,152.759995,964.859985,152.630005,69.839996
2017-06-01,153.179993,966.950012,152.669998,70.099998
2017-06-02,155.449997,975.599976,152.050003,71.760002
2017-06-05,153.929993,983.679993,152.410004,72.279999
2017-06-06,154.449997,976.570007,152.369995,72.519997
2017-06-07,155.369995,980.940002,150.979996,72.389999
2017-06-08,154.990005,983.409973,152.100006,71.949997
2017-06-09,148.979996,949.830017,154.100006,70.32
2017-06-12,145.419998,942.900024,155.179993,69.779999
2017-06-13,146.589996,953.400024,154.25,70.650002
2017-06-14,145.160004,950.76001,153.809998,70.269997
2017-06-15,144.289993,942.309998,154.220001,69.900002
2017-06-16,142.270004,939.780029,155.380005,70.0
2017-06-19,146.339996,957.369995,154.839996,70.870003
2017-06-20,145.009995,950.630005,154.949997,69.910004
2017-06-21,145.869995,959.450012,153.789993,70.269997
2017-06-22,145.630005,957.090027,154.399994,70.260002
2017-06-23,146.279999,965.590027,154.110001,71.209999
2017-06-26,145.820007,952.27002,155.229996,70.529999
2017-06-27,143.729996,927.330017,154.75,69.209999
2017-06-28,145.830002,940.48999,155.320007,69.800003
2017-06-29,143.679993,917.789978,154.130005,68.489998
2017-06-30,144.020004,908.72998,153.830002,68.93
2017-07-03,143.5,898.700012,155.580002,68.169998
2017-07-05,144.089996,911.710022,153.669998,69.080002
2017-07-06,142.729996,906.690002,152.360001,68.57
2017-07-07,144.179993,918.590027,152.940002,69.459999
2017-07-10,145.059998,928.799988,153.419998,69.980003
2017-07-11,145.529999,930.090027,153.190002,69.989998
2017-07-12,145.740005,943.830017,153.699997,71.150002
2017-07-13,147.770004,947.159973,153.630005,71.769997
2017-07-14,149.039993,955.98999,154.240005,72.779999
2017-07-17,149.559998,953.419983,153.009995,73.349998
2017-07-18,150.080002,965.400024,154.0,73.300003
2017-07-19,151.020004,970.890015,147.529999,73.860001
2017-07-20,150.339996,968.150024,147.660004,74.220001
2017-07-21,150.270004,972.919983,147.080002,73.790001
2017-07-24,152.089996,980.340027,145.990005,73.599998
2017-07-25,152.740005,950.700012,146.190002,74.190002
2017-07-26,153.460007,947.799988,145.360001,74.050003
2017-07-27,150.559998,934.090027,145.070007,73.160004
2017-07-28,149.5,941.530029,144.289993,73.040001
2017-07-31,148.729996,930.5,144.669998,72.699997
2017-08-01,150.050003,930.830017,145.300003,72.580002
2017-08-02,157.139999,930.390015,144.449997,72.260002
2017-08-03,155.570007,923.650024,144.940002,72.150002
2017-08-04,156.389999,927.960022,145.160004,72.68
2017-08-07,158.809998,929.359985,143.470001,72.400002
2017-08-08,160.080002,926.789978,142.110001,72.790001
2017-08-09,161.059998,922.900024,141.770004,72.470001
2017-08-10,155.320007,907.23999,141.839996,71.410004
2017-08-11,157.479996,914.390015,141.839996,72.5
2017-08-14,159.850006,922.669983,142.320007,73.589996
2017-08-15,161.600006,922.219971,142.070007,73.220001
2017-08-16,160.949997,926.960022,142.5,73.650002
2017-08-17,157.860001,910.97998,140.699997,72.400002
2017-08-18,157.5,910.669983,139.699997,72.489998
2017-08-21,157.210007,906.659973,140.330002,72.150002
2017-08-22,159.779999,924.690002,141.009995,73.160004
2017-08-23,159.979996,927.0,142.139999,72.720001
2017-08-24,159.270004,921.280029,142.940002,72.690002
2017-08-25,159.860001,915.890015,143.740005,72.82
2017-08-28,161.470001,913.809998,142.509995,72.830002
2017-08-29,162.910004,921.289978,143.139999,73.050003
2017-08-30,163.350006,929.570007,142.559998,74.010002
2017-08-31,164.0,939.330017,143.029999,74.769997
2017-09-01,164.050003,937.340027,144.080002,73.940002
2017-09-05,162.080002,928.450012,143.039993,73.610001
2017-09-06,161.910004,927.809998,143.820007,73.400002
2017-09-07,161.259995,935.950012,142.899994,74.339996
2017-09-08,158.630005,926.5,142.449997,73.980003
2017-09-11,161.5,929.080017,144.860001,74.760002
2017-09-12,160.860001,932.070007,145.759995,74.68
2017-09-13,159.649994,935.090027,145.990005,75.209999
2017-09-14,158.279999,925.109985,145.539993,74.769997
2017-09-15,159.880005,920.289978,144.820007,75.309998
2017-09-18,158.669998,915.0,144.550003,75.160004
2017-09-19,158.729996,921.809998,144.389999,75.440002
2017-09-20,156.070007,931.580017,145.880005,74.940002
2017-09-21,153.389999,932.450012,145.259995,74.209999
2017-09-22,151.889999,928.530029,145.130005,74.410004
2017-09-25,150.550003,920.969971,145.869995,73.260002
2017-09-26,153.139999,924.859985,146.559998,73.260002
2017-09-27,154.229996,944.48999,145.660004,73.849998
2017-09-28,153.279999,949.5,145.660004,73.870003
2017-09-29,154.119995,959.109985,145.080002,74.489998
2017-10-02,153.809998,953.27002,146.660004,74.610001
2017-10-03,154.479996,957.789978,146.779999,74.260002
2017-10-04,153.479996,951.679993,146.479996,74.690002
2017-10-05,155.389999,969.960022,146.720001,75.970001
2017-10-06,155.300003,978.890015,146.479996,76.0
2017-10-09,155.839996,977.0,147.389999,76.290001
2017-10-10,155.899994,972.599976,148.5,76.290001
2017-10-11,156.550003,989.25,147.619995,76.419998
2017-10-12,156.0,987.830017,147.029999,77.120003
2017-10-13,156.990005,989.679993,147.100006,77.489998
2017-10-16,159.880005,992.0,146.830002,77.650002
2017-10-17,160.470001,992.179993,146.539993,77.589996
2017-10-18,159.759995,992.809998,159.529999,77.610001
2017-10-19,155.979996,984.450012,160.899994,77.910004
2017-10-20,156.25,988.200012,162.070007,78.809998
2017-10-23,156.169998,968.450012,159.550003,78.830002
2017-10-24,157.100006,970.539978,155.880005,78.860001
2017-10-25,156.410004,973.330017,153.5,78.629997
2017-10-26,157.410004,972.559998,153.600006,78.760002
2017-10-27,163.050003,1019.27002,153.679993,83.809998
