date,y
2000-01-01,12551.5
2000-01-02,13377.0416666667
2000-01-03,15300.625
2000-01-04,15582.75
2000-01-05,15691.75
2000-01-06,15705.8333333333
2000-01-07,14140.125
2000-01-08,11503.2916666667
2000-01-09,11467.8333333333
2000-01-10,12290.7916666667
2000-01-11,14943.1666666667
2000-01-12,15675.375
2000-01-13,15881.9166666667
2000-01-14,15857.8333333333
2000-01-15,15387.125
2000-01-16,14168.75
2000-01-17,15693.8333333333
2000-01-18,15796.5416666667
2000-01-19,15836.2083333333
2000-01-20,15770
2000-01-21,15745.2916666667
2000-01-22,14968.6666666667
2000-01-23,13762.2083333333
2000-01-24,15178.5416666667
2000-01-25,15745.6666666667
2000-01-26,15609.4166666667
2000-01-27,15219.8333333333
2000-01-28,15083.3333333333
2000-01-29,14681.7083333333
2000-01-30,13933.75
2000-01-31,15140.0416666667
2000-02-01,15500.9583333333
2000-02-02,15316.2916666667
2000-02-03,15445.125
2000-02-04,15617.4583333333
2000-02-05,15180.6666666667
2000-02-06,15028.5833333333
2000-02-07,15073.875
2000-02-08,15369.75
2000-02-09,15431.9583333333
2000-02-10,15530.6666666667
2000-02-11,15504.4583333333
2000-02-12,15130.4583333333
2000-02-13,13992.7916666667
2000-02-14,15242.4583333333
2000-02-15,15926.25
2000-02-16,15845.7916666667
2000-02-17,15776.4583333333
2000-02-18,15526.125
2000-02-19,15090.1666666667
2000-02-20,13894.0416666667
2000-02-21,15392.25
2000-02-22,15866.1666666667
2000-02-23,16014.1666666667
2000-02-24,16112.6666666667
2000-02-25,15945.4583333333
2000-02-26,15706.3333333333
2000-02-27,14494.4166666667
2000-02-28,15828.8333333333
2000-02-29,16155.75
2000-03-01,16080.9583333333
2000-03-02,15838.25
2000-03-03,15827.0416666667
2000-03-04,15384.7916666667
2000-03-05,14153.6666666667
2000-03-06,15647.9583333333
2000-03-07,15765.125
2000-03-08,15682.2083333333
2000-03-09,15683.7916666667
2000-03-10,15578.1666666667
2000-03-11,15205.9583333333
2000-03-12,13996.25
2000-03-13,14686.9583333333
2000-03-14,14729.75
2000-03-15,13280.75
2000-03-16,13278
2000-03-17,11120.125
2000-03-18,11387.8333333333
2000-03-19,12374.7083333333
2000-03-20,14966.9166666667
2000-03-21,15616.375
2000-03-22,15729.0416666667
2000-03-23,15689.375
2000-03-24,15464.3333333333
2000-03-25,14807.5416666667
2000-03-26,13295.0833333333
2000-03-27,14425.0416666667
2000-03-28,14244.625
2000-03-29,14069.625
2000-03-30,13916.4166666667
2000-03-31,13768.1666666667
2000-04-01,13167.5833333333
2000-04-02,11833.5416666667
2000-04-03,13013.5416666667
2000-04-04,13194.125
2000-04-05,12731.2916666667
2000-04-06,13099.9166666667
2000-04-07,13613.9583333333
2000-04-08,13831.875
2000-04-09,12736.1666666667
2000-04-10,14042.3333333333
2000-04-11,14609.5
2000-04-12,14319.375
2000-04-13,14296.5833333333
2000-04-14,13960.8333333333
2000-04-15,13408.3333333333
2000-04-16,11903.6666666667
2000-04-17,13244.6666666667
2000-04-18,13655.9166666667
2000-04-19,13627.5833333333
2000-04-20,13989.625
2000-04-21,14186.4583333333
2000-04-22,13614.3333333333
2000-04-23,12131.4583333333
2000-04-24,13596.4583333333
2000-04-25,13709.7916666667
2000-04-26,13674.625
2000-04-27,13883.8333333333
2000-04-28,13827.0833333333
2000-04-29,13386.2083333333
2000-04-30,11930.8333333333
2000-05-01,13177.375
2000-05-02,13487.625
2000-05-03,13827.9583333333
2000-05-04,13924.25
2000-05-05,13967.0833333333
2000-05-06,13437.4166666667
2000-05-07,11996.5
2000-05-08,13375.875
2000-05-09,13571.5
2000-05-10,13610.9166666667
2000-05-11,13595.6666666667
2000-05-12,13594.125
2000-05-13,13178.25
2000-05-14,11809.0833333333
2000-05-15,13393.5416666667
2000-05-16,13648.3333333333
2000-05-17,13592.9166666667
2000-05-18,13610.375
2000-05-19,12803.25
2000-05-20,12428.0416666667
2000-05-21,11685.9166666667
2000-05-22,13290.0833333333
2000-05-23,13795.5416666667
2000-05-24,13702.875
2000-05-25,13790.7916666667
2000-05-26,13655.625
2000-05-27,13277.0833333333
2000-05-28,11845.5416666667
2000-05-29,13322.8333333333
2000-05-30,13586.75
2000-05-31,13595.125
2000-06-01,13741.7916666667
2000-06-02,13526.5416666667
2000-06-03,13082.9583333333
2000-06-04,11742.9166666667
2000-06-05,13159.7916666667
2000-06-06,13593.3333333333
2000-06-07,13694.5
2000-06-08,13807.375
2000-06-09,13950
2000-06-10,13446.75
2000-06-11,12009.4583333333
2000-06-12,13518.875
2000-06-13,14019.4583333333
2000-06-14,14072.9166666667
2000-06-15,14269.5416666667
2000-06-16,14312.4166666667
2000-06-17,13762.4166666667
2000-06-18,11955.3333333333
2000-06-19,13529.25
2000-06-20,13954.0833333333
2000-06-21,14061.1666666667
2000-06-22,14188.4166666667
2000-06-23,14318.1666666667
2000-06-24,13918.25
2000-06-25,12457.5
2000-06-26,14266.7916666667
2000-06-27,14644.2916666667
2000-06-28,14535.6666666667
2000-06-29,14645.75
2000-06-30,14573.4583333333
2000-07-01,14125.25
2000-07-02,12604.75
2000-07-03,14432.9583333333
2000-07-04,14949.7083333333
2000-07-05,15162.9166666667
2000-07-06,15460.8333333333
2000-07-07,15423.5416666667
2000-07-08,14809.375
2000-07-09,13108.9583333333
2000-07-10,14982.75
2000-07-11,15460.0416666667
2000-07-12,15560.7083333333
2000-07-13,15387.3333333333
2000-07-14,15318.2916666667
2000-07-15,14734.5
2000-07-16,13224.125
2000-07-17,14980.5
2000-07-18,15299.6666666667
2000-07-19,15309.0416666667
2000-07-20,15169.4583333333
2000-07-21,15108.4583333333
2000-07-22,14473.5
2000-07-23,12997.7083333333
2000-07-24,14812.5833333333
2000-07-25,15297.5
2000-07-26,15468.125
2000-07-27,15720.75
2000-07-28,15758.3333333333
2000-07-29,15177.0416666667
2000-07-30,13712.125
2000-07-31,15326.5416666667
2000-08-01,15276.3333333333
2000-08-02,15033.875
2000-08-03,15064.4166666667
2000-08-04,15017.375
2000-08-05,14519.7083333333
2000-08-06,13218.25
2000-08-07,15024.8333333333
2000-08-08,15454.2083333333
2000-08-09,15554.9583333333
2000-08-10,15528.75
2000-08-11,15430.8333333333
2000-08-12,14713.5416666667
2000-08-13,13251.8333333333
2000-08-14,15020.25
2000-08-15,15403.7916666667
2000-08-16,15366.875
2000-08-17,15413.7083333333
2000-08-18,15316.4583333333
2000-08-19,14791.5833333333
2000-08-20,13256.7083333333
2000-08-21,15101.7083333333
2000-08-22,15572.375
2000-08-23,15588.625
2000-08-24,15494.2916666667
2000-08-25,15346.5833333333
2000-08-26,14403
2000-08-27,12740.5
2000-08-28,14350.4583333333
2000-08-29,14705.1666666667
2000-08-30,13824.0833333333
2000-08-31,14575.9583333333
2000-09-01,14625.5416666667
2000-09-02,14220.75
2000-09-03,12795.7916666667
2000-09-04,14629.4583333333
2000-09-05,15127.7083333333
2000-09-06,14708.4583333333
2000-09-07,14635.4583333333
2000-09-08,14513.2083333333
2000-09-09,14091.2083333333
2000-09-10,12606.3333333333
2000-09-11,14164.6666666667
2000-09-12,14685.4166666667
2000-09-13,14571.875
2000-09-14,14668.375
2000-09-15,14609.4166666667
2000-09-16,14119.875
2000-09-17,12353.75
2000-09-18,14026.8333333333
2000-09-19,14450.375
2000-09-20,14671.5833333333
2000-09-21,14654.4583333333
2000-09-22,14667.75
2000-09-23,14280.5
2000-09-24,12606.2083333333
2000-09-25,13995.1666666667
2000-09-26,14344.9166666667
2000-09-27,14371.9583333333
2000-09-28,14397
2000-09-29,14160.5
2000-09-30,13774.625
2000-10-01,12427.1666666667
2000-10-02,13827.4166666667
2000-10-03,14283.125
2000-10-04,14175.875
2000-10-05,14384.2083333333
2000-10-06,14183.2916666667
2000-10-07,13663.9583333333
2000-10-08,12192.1666666667
2000-10-09,13601.625
2000-10-10,13942.0833333333
2000-10-11,13933.3333333333
2000-10-12,14047.1666666667
2000-10-13,14100.8333333333
2000-10-14,13768.125
2000-10-15,12435.6666666667
2000-10-16,13792.875
2000-10-17,14209.5833333333
2000-10-18,14275.6666666667
2000-10-19,14452.4583333333
2000-10-20,14627.75
2000-10-21,14287.4583333333
2000-10-22,12643.375
2000-10-23,14694.9166666667
2000-10-24,15235.8333333333
2000-10-25,15009.8333333333
2000-10-26,14976.7916666667
2000-10-27,14762.25
2000-10-28,14358.4166666667
2000-10-29,12840.9583333333
2000-10-30,14633.2916666667
2000-10-31,14961.75
2000-11-01,14765.75
2000-11-02,14796.5416666667
2000-11-03,14702.2916666667
2000-11-04,14159.3333333333
2000-11-05,12850.3333333333
2000-11-06,14237.0416666667
2000-11-07,14621.25
2000-11-08,14457.0833333333
2000-11-09,14555.25
2000-11-10,14437.8333333333
2000-11-11,14047.1666666667
2000-11-12,13075.5833333333
2000-11-13,14537.4166666667
2000-11-14,15015.7083333333
2000-11-15,15134.75
2000-11-16,14941.2916666667
2000-11-17,14728
2000-11-18,14848.4583333333
2000-11-19,13496.625
2000-11-20,14962.9583333333
2000-11-21,15307.7916666667
2000-11-22,15272.5416666667
2000-11-23,15515.5833333333
2000-11-24,15489.1666666667
2000-11-25,15095.9166666667
2000-11-26,14067.0833333333
2000-11-27,15428.875
2000-11-28,15682.3333333333
2000-11-29,15809.7916666667
2000-11-30,15872.625
2000-12-01,15643.7916666667
2000-12-02,15293.8333333333
2000-12-03,14106.7083333333
2000-12-04,15521.875
2000-12-05,15891.8333333333
2000-12-06,16108.5416666667
2000-12-07,16050.6666666667
2000-12-08,16180.125
2000-12-09,15795.375
2000-12-10,14377.1666666667
2000-12-11,15912.2916666667
2000-12-12,16371.0416666667
2000-12-13,16177.875
2000-12-14,16081.6666666667
2000-12-15,16000.4583333333
2000-12-16,15577.5833333333
2000-12-17,14316.875
2000-12-18,15716
2000-12-19,16157.3333333333
2000-12-20,16309.4583333333
2000-12-21,16373.6666666667
2000-12-22,16453.75
2000-12-23,16231.25
2000-12-24,15946.375
2000-12-25,15016.75
2000-12-26,13776.6666666667
2000-12-27,11178.3333333333
2000-12-28,11034.0416666667
2000-12-29,11239.8333333333
2000-12-30,11976.4583333333
2000-12-31,12111.5833333333
2001-01-01,12554.2083333333
2001-01-02,14926.25
2001-01-03,15394.4166666667
2001-01-04,15390.7916666667
2001-01-05,15602.2916666667
2001-01-06,15177.875
2001-01-07,13881.7916666667
2001-01-08,15233
2001-01-09,15301.875
2001-01-10,15475.4583333333
2001-01-11,15559.75
2001-01-12,15604.0833333333
2001-01-13,15447.5833333333
2001-01-14,14326.6666666667
2001-01-15,15729.2916666667
2001-01-16,15956.5
2001-01-17,16077.4583333333
2001-01-18,16140.7083333333
2001-01-19,16182.875
2001-01-20,15688.375
2001-01-21,14478.5
2001-01-22,15967.3333333333
2001-01-23,16481.875
2001-01-24,15987.625
2001-01-25,16525.375
2001-01-26,16174.2916666667
2001-01-27,15750.125
2001-01-28,14054.8333333333
2001-01-29,15369.375
2001-01-30,15536.75
2001-01-31,15562.2083333333
2001-02-01,15803.9166666667
2001-02-02,15998.9583333333
2001-02-03,15676
2001-02-04,14183.0833333333
2001-02-05,15709.3333333333
2001-02-06,15886.7916666667
2001-02-07,15797.625
2001-02-08,15731.625
2001-02-09,15508.625
2001-02-10,14956.5833333333
2001-02-11,13989.8333333333
2001-02-12,15526.1666666667
2001-02-13,15943.7916666667
2001-02-14,16215.3333333333
2001-02-15,16170.375
2001-02-16,16174.1666666667
2001-02-17,15566.125
2001-02-18,14220.4583333333
2001-02-19,16027.7916666667
2001-02-20,16054.9166666667
2001-02-21,16217.7083333333
2001-02-22,16401.25
2001-02-23,15871.8333333333
2001-02-24,16062.4166666667
2001-02-25,14045.4166666667
2001-02-26,15064.9166666667
2001-02-27,15237.8333333333
2001-02-28,15385.25
2001-03-01,15162.2916666667
2001-03-02,14842.2916666667
2001-03-03,14017.5
2001-03-04,12022.875
2001-03-05,9875.125
2001-03-06,9993
2001-03-07,10652.625
2001-03-08,11092.1666666667
2001-03-09,12135.625
2001-03-10,12258.625
2001-03-11,11981.75
2001-03-12,13638.5
2001-03-13,14248.375
2001-03-14,14388.875
2001-03-15,14456.125
2001-03-16,14403.1666666667
2001-03-17,13797.2916666667
2001-03-18,12500.375
2001-03-19,13566.9166666667
2001-03-20,13519.2083333333
2001-03-21,13510.0416666667
2001-03-22,13634.4583333333
2001-03-23,14160.1666666667
2001-03-24,13708.375
2001-03-25,12376.0833333333
2001-03-26,13394.25
2001-03-27,13529.0416666667
2001-03-28,13671.2083333333
2001-03-29,13927.0833333333
2001-03-30,14116.0416666667
2001-03-31,13906.7083333333
2001-04-01,12711.7916666667
2001-04-02,13951.625
2001-04-03,14173.5
2001-04-04,14294.125
2001-04-05,14281.1666666667
2001-04-06,14035.9166666667
2001-04-07,13546.5833333333
2001-04-08,12349.9166666667
2001-04-09,13322.7083333333
2001-04-10,13700.5
2001-04-11,13678.2083333333
2001-04-12,13773.25
2001-04-13,13838.4583333333
2001-04-14,13646.625
2001-04-15,12454.7916666667
2001-04-16,13664.9583333333
2001-04-17,13735.3333333333
2001-04-18,14009.2083333333
2001-04-19,13658.75
2001-04-20,13399.125
2001-04-21,13162.3333333333
2001-04-22,11792.875
2001-04-23,12074.7083333333
2001-04-24,13257.375
2001-04-25,13548.25
2001-04-26,13724.2916666667
2001-04-27,13534.3333333333
2001-04-28,13067.4583333333
2001-04-29,11966.2083333333
2001-04-30,13269.5
2001-05-01,13421.3333333333
2001-05-02,13688.0833333333
2001-05-03,13712.5833333333
2001-05-04,13486
2001-05-05,13174.1666666667
2001-05-06,12010.125
2001-05-07,13215.5
2001-05-08,13313.25
2001-05-09,13385.9166666667
2001-05-10,13439.7083333333
2001-05-11,13377.625
2001-05-12,12934.9583333333
2001-05-13,11934
2001-05-14,13375.3333333333
2001-05-15,13520.875
2001-05-16,13357.9583333333
2001-05-17,13289.75
2001-05-18,13238.375
2001-05-19,12065.75
2001-05-20,11416.875
2001-05-21,12944.25
2001-05-22,13293.5
2001-05-23,13453.8333333333
2001-05-24,13491.9166666667
2001-05-25,13449.0833333333
2001-05-26,12974.4583333333
2001-05-27,11902.625
2001-05-28,13136.6666666667
2001-05-29,13537.1666666667
2001-05-30,13464.0833333333
2001-05-31,13556.875
2001-06-01,13535.8333333333
2001-06-02,12963.8333333333
2001-06-03,11849.5
2001-06-04,13046.4583333333
2001-06-05,13315.5
2001-06-06,13252.7083333333
2001-06-07,13429.9583333333
2001-06-08,13580.9583333333
2001-06-09,13100.4166666667
2001-06-10,11870.25
2001-06-11,13416.3333333333
2001-06-12,14056.8333333333
2001-06-13,14057.7916666667
2001-06-14,14212.1666666667
2001-06-15,13963
2001-06-16,13325
2001-06-17,11834.2083333333
2001-06-18,13523.9166666667
2001-06-19,13991.3333333333
2001-06-20,14044.4583333333
2001-06-21,14065.8333333333
2001-06-22,14087.0833333333
2001-06-23,13645.5833333333
2001-06-24,12388.9583333333
2001-06-25,13831.75
2001-06-26,14307.6666666667
2001-06-27,14425.0416666667
2001-06-28,14438.25
2001-06-29,14555.7083333333
2001-06-30,13928.5
2001-07-01,13048.875
2001-07-02,14255.125
2001-07-03,14377.1666666667
2001-07-04,14431.7916666667
2001-07-05,14598.125
2001-07-06,14858.8333333333
2001-07-07,14215.9166666667
2001-07-08,12811.1666666667
2001-07-09,14483.9166666667
2001-07-10,15022.3333333333
2001-07-11,15105
2001-07-12,15017.5416666667
2001-07-13,15093.125
2001-07-14,14537.5416666667
2001-07-15,13059.625
2001-07-16,14819.6666666667
2001-07-17,15154.7916666667
2001-07-18,15132.25
2001-07-19,15507.2083333333
2001-07-20,15410.4166666667
2001-07-21,14840.4583333333
2001-07-22,13342.1666666667
2001-07-23,14918.5416666667
2001-07-24,15292.5833333333
2001-07-25,15348.0416666667
2001-07-26,15361.625
2001-07-27,15393.7083333333
2001-07-28,14889.375
2001-07-29,13632.0416666667
2001-07-30,15255.6666666667
2001-07-31,15519.5
2001-08-01,15474.9166666667
2001-08-02,15265
2001-08-03,15228.5416666667
2001-08-04,14776.125
2001-08-05,13338.0416666667
2001-08-06,15062.875
2001-08-07,15459
2001-08-08,15554.1666666667
2001-08-09,15741.5416666667
2001-08-10,15824.4166666667
2001-08-11,15195.2083333333
2001-08-12,13664.3333333333
2001-08-13,14936.25
2001-08-14,15326.2083333333
2001-08-15,15385.625
2001-08-16,15473.4583333333
2001-08-17,15365.2916666667
2001-08-18,14672.75
2001-08-19,13097.375
2001-08-20,14433.6666666667
2001-08-21,15031.625
2001-08-22,15209.75
2001-08-23,15259.25
2001-08-24,15424.0416666667
2001-08-25,14913.375
2001-08-26,13220.6666666667
2001-08-27,14766.8333333333
2001-08-28,15139.3333333333
2001-08-29,15149.6666666667
2001-08-30,14158.9166666667
2001-08-31,14513.6666666667
2001-09-01,13862.3333333333
2001-09-02,12989.75
2001-09-03,14689.125
2001-09-04,14967.625
2001-09-05,15053.6666666667
2001-09-06,14854.0416666667
2001-09-07,14456.5416666667
2001-09-08,13975.125
2001-09-09,12644.2916666667
2001-09-10,14016.2083333333
2001-09-11,14613.7083333333
2001-09-12,14478.0833333333
2001-09-13,14449
2001-09-14,14415.5
2001-09-15,13964.5416666667
2001-09-16,12611.7083333333
2001-09-17,13966.5833333333
2001-09-18,14269.0416666667
2001-09-19,14453.2916666667
2001-09-20,14586.7083333333
2001-09-21,14376.1666666667
2001-09-22,13926.0833333333
2001-09-23,12627.7916666667
2001-09-24,13886.2083333333
2001-09-25,14331.4583333333
2001-09-26,14311
2001-09-27,13944.625
2001-09-28,13840.6666666667
2001-09-29,13491
2001-09-30,11987.5833333333
2001-10-01,13641.9166666667
2001-10-02,13846.125
2001-10-03,13857.5
2001-10-04,13963.4166666667
2001-10-05,13829.2083333333
2001-10-06,13469.625
2001-10-07,12115.25
2001-10-08,13511.875
2001-10-09,13933.8333333333
2001-10-10,14021
2001-10-11,13894.0416666667
2001-10-12,13760.75
2001-10-13,13413.0416666667
2001-10-14,12223.5
2001-10-15,13517
2001-10-16,13850.0416666667
2001-10-17,13878
2001-10-18,13798.625
2001-10-19,13782.7916666667
2001-10-20,13560.8333333333
2001-10-21,12412.875
2001-10-22,13670.1666666667
2001-10-23,14049
2001-10-24,14156
2001-10-25,14472.5
2001-10-26,14601.875
2001-10-27,14252.7083333333
2001-10-28,13040.4583333333
2001-10-29,13067.625
2001-10-30,14192.4583333333
2001-10-31,14823.125
2001-11-01,14626.2916666667
2001-11-02,14891.875
2001-11-03,14549.9583333333
2001-11-04,13324.3333333333
2001-11-05,14334.8333333333
2001-11-06,14684.5
2001-11-07,14740.25
2001-11-08,14730.875
2001-11-09,14583.5416666667
2001-11-10,14065.6666666667
2001-11-11,12958.75
2001-11-12,14216.9583333333
2001-11-13,14390.375
2001-11-14,14393
2001-11-15,14698.0833333333
2001-11-16,14991.3333333333
2001-11-17,14804
2001-11-18,13567
2001-11-19,15064.4583333333
2001-11-20,15743.8333333333
2001-11-21,15600
2001-11-22,15748.375
2001-11-23,15836.5416666667
2001-11-24,15288.3333333333
2001-11-25,14078.375
2001-11-26,15587.625
2001-11-27,15831.3333333333
2001-11-28,15752.7916666667
2001-11-29,15874.9166666667
2001-11-30,15985.25
2001-12-01,14189.2916666667
2001-12-02,14889.875
2001-12-03,15537.875
2001-12-04,15725.625
2001-12-05,15099.5
2001-12-06,14587.6666666667
2001-12-07,16161.75
2001-12-08,15760.4166666667
2001-12-09,14558.7083333333
2001-12-10,15981.5833333333
2001-12-11,16402.25
2001-12-12,16660.0833333333
2001-12-13,16713.4166666667
2001-12-14,16635.7083333333
2001-12-15,14454.4166666667
2001-12-16,11958.9166666667
2001-12-17,11397.125
2001-12-18,11790.6666666667
2001-12-19,14242.4166666667
2001-12-20,15663.875
2001-12-21,16159.5
2001-12-22,15903.25
2001-12-23,14703.1666666667
2001-12-24,15850.125
2001-12-25,15877.5833333333
2001-12-26,15887.6666666667
2001-12-27,16148.125
2001-12-28,15893.3333333333
2001-12-29,15285.3333333333
2001-12-30,14837.75
2001-12-31,14341.375
2002-01-01,15043.5833333333
2002-01-02,16180.5
2002-01-03,16117.2916666667
2002-01-04,16146.75
2002-01-05,15480.2916666667
2002-01-06,14576.5416666667
2002-01-07,15900.3333333333
2002-01-08,16446.625
2002-01-09,16648
2002-01-10,16600.3333333333
2002-01-11,16464.6666666667
2002-01-12,16119.625
2002-01-13,14885
2002-01-14,16265.4583333333
2002-01-15,16576.9166666667
2002-01-16,16466
2002-01-17,16471.875
2002-01-18,16434.0833333333
2002-01-19,15945.5833333333
2002-01-20,14909.4166666667
2002-01-21,15989.0416666667
2002-01-22,16249.125
2002-01-23,16063.875
2002-01-24,16030.875
2002-01-25,16021.7083333333
2002-01-26,15441.5833333333
2002-01-27,14343.2083333333
2002-01-28,15715.2916666667
2002-01-29,15872
2002-01-30,16395.5416666667
2002-01-31,15580.875
2002-02-01,15295
2002-02-02,14895.4583333333
2002-02-03,14025.0833333333
2002-02-04,15401.7083333333
2002-02-05,15713.4166666667
2002-02-06,15687.25
2002-02-07,15538.5833333333
2002-02-08,15492.9166666667
2002-02-09,15073.5
2002-02-10,13906.7916666667
2002-02-11,15520.0833333333
2002-02-12,15567.375
2002-02-13,15577.125
2002-02-14,15472.125
2002-02-15,15712.3333333333
2002-02-16,15245.7916666667
2002-02-17,14364.25
2002-02-18,15566.0416666667
2002-02-19,15694.8333333333
2002-02-20,15752.0833333333
2002-02-21,13686.625
2002-02-22,11353.5833333333
2002-02-23,11345.8333333333
2002-02-24,11775.125
2002-02-25,12863.1666666667
2002-02-26,14909.875
2002-02-27,15420.2083333333
2002-02-28,15423.7916666667
2002-03-01,14890.375
2002-03-02,14845.0833333333
2002-03-03,13346.6666666667
2002-03-04,14616.7916666667
2002-03-05,14889.5416666667
2002-03-06,14676.5416666667
2002-03-07,14645.5
2002-03-08,14489.4166666667
2002-03-09,14129.875
2002-03-10,13224.2083333333
2002-03-11,14556.6666666667
2002-03-12,14915.2916666667
2002-03-13,15010
2002-03-14,14928.75
2002-03-15,14855.9583333333
2002-03-16,14556.375
2002-03-17,13649.2083333333
2002-03-18,15025.5416666667
2002-03-19,15275.625
2002-03-20,15421.0416666667
2002-03-21,15539.7083333333
2002-03-22,15377.5416666667
2002-03-23,14958.4166666667
2002-03-24,14118.2916666667
2002-03-25,15397.625
2002-03-26,15927.8333333333
2002-03-27,16027.375
2002-03-28,16077.5
2002-03-29,16079.2916666667
2002-03-30,15502.9583333333
2002-03-31,14442.875
2002-04-01,15666.375
2002-04-02,15461.4166666667
2002-04-03,15318.9583333333
2002-04-04,15619.75
2002-04-05,15513.7083333333
2002-04-06,14941.7916666667
2002-04-07,13618.4166666667
2002-04-08,14838.9166666667
2002-04-09,15263.0416666667
2002-04-10,15108.0416666667
2002-04-11,15144.4583333333
2002-04-12,15044.0833333333
2002-04-13,14540.5416666667
2002-04-14,12936.5833333333
2002-04-15,14139.9583333333
2002-04-16,14836.25
2002-04-17,14746.8333333333
2002-04-18,14703
2002-04-19,14747.375
2002-04-20,14470.2083333333
2002-04-21,13308
2002-04-22,14115.4583333333
2002-04-23,13568.5
2002-04-24,14746.0833333333
2002-04-25,14684.5416666667
2002-04-26,14370.25
2002-04-27,13840.2083333333
2002-04-28,12469.4583333333
2002-04-29,13666.5416666667
2002-04-30,13920.125
2002-05-01,13662.6666666667
2002-05-02,13698.0833333333
2002-05-03,13778.4583333333
2002-05-04,13434.7916666667
2002-05-05,12145.125
2002-05-06,13494.5416666667
2002-05-07,13771.6666666667
2002-05-08,13890.375
2002-05-09,14016
2002-05-10,13924.6666666667
2002-05-11,13578.8333333333
2002-05-12,12228.9166666667
2002-05-13,13523.5416666667
2002-05-14,13940.5
2002-05-15,13909.375
2002-05-16,14012.2916666667
2002-05-17,13923.0416666667
2002-05-18,13541.4166666667
2002-05-19,11964.5416666667
2002-05-20,13638.9583333333
2002-05-21,13899.3333333333
2002-05-22,14069.7083333333
2002-05-23,14027.1666666667
2002-05-24,14016.0416666667
2002-05-25,13745.5416666667
2002-05-26,12463.5
2002-05-27,13699.25
2002-05-28,14075.5416666667
2002-05-29,14173.5833333333
2002-05-30,14131.4166666667
2002-05-31,13972.4583333333
2002-06-01,13741.1666666667
2002-06-02,12422
2002-06-03,13811.1666666667
2002-06-04,14047.4583333333
2002-06-05,14036.375
2002-06-06,14198.5833333333
2002-06-07,14450.875
2002-06-08,14084.4166666667
2002-06-09,12822.6666666667
2002-06-10,14464.9583333333
2002-06-11,14730.75
2002-06-12,14766.4166666667
2002-06-13,14817.0833333333
2002-06-14,14446
2002-06-15,14056.4166666667
2002-06-16,12711.5833333333
2002-06-17,14349.5833333333
2002-06-18,14767.875
2002-06-19,14638.7916666667
2002-06-20,14658.7916666667
2002-06-21,14717.2083333333
2002-06-22,14303.8333333333
2002-06-23,12999.7083333333
2002-06-24,14840.8333333333
2002-06-25,15352.25
2002-06-26,15220.625
2002-06-27,15251.5
2002-06-28,15145.3333333333
2002-06-29,14635
2002-06-30,13252.9166666667
2002-07-01,14926.2916666667
2002-07-02,15324.1666666667
2002-07-03,15365.9583333333
2002-07-04,15434.9583333333
2002-07-05,15537.625
2002-07-06,15013.5
2002-07-07,13611.75
2002-07-08,15256.8333333333
2002-07-09,15588.7083333333
2002-07-10,15638.3333333333
2002-07-11,15501.7083333333
2002-07-12,15466.125
2002-07-13,14891.5833333333
2002-07-14,13366.75
2002-07-15,15190.1666666667
2002-07-16,15726.4583333333
2002-07-17,15987.6666666667
2002-07-18,16215.5833333333
2002-07-19,16237.9583333333
2002-07-20,15592.1666666667
2002-07-21,14210.1666666667
2002-07-22,15884.4583333333
2002-07-23,15992.625
2002-07-24,15916.125
2002-07-25,15924.75
2002-07-26,16028.25
2002-07-27,15443.8333333333
2002-07-28,13899.4166666667
2002-07-29,15707.25
2002-07-30,16176.375
2002-07-31,16281.0416666667
2002-08-01,16163.0416666667
2002-08-02,16120
2002-08-03,15626.7916666667
2002-08-04,14194.0416666667
2002-08-05,15803.375
2002-08-06,16083.7916666667
2002-08-07,16028.25
2002-08-08,15814.6666666667
2002-08-09,15855.6666666667
2002-08-10,15300.6666666667
2002-08-11,13966.375
2002-08-12,15851.1666666667
2002-08-13,16317.2083333333
2002-08-14,16196.5833333333
2002-08-15,16049.625
2002-08-16,15848.4166666667
2002-08-17,14999.9583333333
2002-08-18,13435.2083333333
2002-08-19,14789.0416666667
2002-08-20,15234.9583333333
2002-08-21,15402.9583333333
2002-08-22,15450.7083333333
2002-08-23,15462.2083333333
2002-08-24,15096.4166666667
2002-08-25,13664.5833333333
2002-08-26,15258.4583333333
2002-08-27,15511.5
2002-08-28,15545.9166666667
2002-08-29,15592.9166666667
2002-08-30,14319.7083333333
2002-08-31,13855.7916666667
2002-09-01,13392
2002-09-02,14804.4583333333
2002-09-03,15211.5833333333
2002-09-04,15093.7916666667
2002-09-05,15120.1666666667
2002-09-06,15039.5
2002-09-07,14427.125
2002-09-08,12947.125
2002-09-09,14432.5833333333
2002-09-10,14754.875
2002-09-11,14723.875
2002-09-12,14540.25
2002-09-13,14470.9583333333
2002-09-14,14008.7916666667
2002-09-15,12637.1666666667
2002-09-16,13896.6666666667
2002-09-17,14272.6666666667
2002-09-18,14341.7916666667
2002-09-19,14167.2083333333
2002-09-20,14267.5
2002-09-21,13848.125
2002-09-22,12634.9583333333
2002-09-23,14065.7916666667
2002-09-24,14532.625
2002-09-25,14570.2083333333
2002-09-26,14700.4583333333
2002-09-27,14557.0833333333
2002-09-28,14103.0416666667
2002-09-29,12785.5416666667
2002-09-30,14201.5416666667
2002-10-01,14603.2916666667
2002-10-02,14513.875
2002-10-03,14385.2916666667
2002-10-04,14270.9166666667
2002-10-05,13870.7083333333
2002-10-06,12523.625
2002-10-07,13947.2916666667
2002-10-08,14296.2916666667
2002-10-09,14247.5416666667
2002-10-10,14407.3333333333
2002-10-11,14378
2002-10-12,13965.5416666667
2002-10-13,12554.375
2002-10-14,13902.8333333333
2002-10-15,14374.2916666667
2002-10-16,14412.875
2002-10-17,14362.25
2002-10-18,14240
2002-10-19,13977.375
2002-10-20,12645.625
2002-10-21,14021.7083333333
2002-10-22,14405.9583333333
2002-10-23,14402.375
2002-10-24,14421.2916666667
2002-10-25,14501.0416666667
2002-10-26,14035.4166666667
2002-10-27,12637.0416666667
2002-10-28,13202.5833333333
2002-10-29,12884.4583333333
2002-10-30,14424.6666666667
2002-10-31,14722.8333333333
2002-11-01,14830.6666666667
2002-11-02,14440.5
2002-11-03,12623.25
2002-11-04,14526.5833333333
2002-11-05,15029.6666666667
2002-11-06,15266.6666666667
2002-11-07,15005.7916666667
2002-11-08,14936.5833333333
2002-11-09,14812.7916666667
2002-11-10,13453.8333333333
2002-11-11,15065.6666666667
2002-11-12,15521.5416666667
2002-11-13,15493.4583333333
2002-11-14,15636.8333333333
2002-11-15,15480.0833333333
2002-11-16,15142.0833333333
2002-11-17,13745.2916666667
2002-11-18,14950.875
2002-11-19,15209.625
2002-11-20,15347.7083333333
2002-11-21,15575.4166666667
2002-11-22,15579.125
2002-11-23,15381.8333333333
2002-11-24,14239.7083333333
2002-11-25,15406.1666666667
2002-11-26,15816.5416666667
2002-11-27,16058.375
2002-11-28,16137.4583333333
2002-11-29,16243.4583333333
2002-11-30,16083.25
2002-12-01,15190.7083333333
2002-12-02,16171.875
2002-12-03,16249.7083333333
2002-12-04,15013.3333333333
2002-12-05,12700.3333333333
2002-12-06,12365.5833333333
2002-12-07,12621.3333333333
2002-12-08,14259.4583333333
2002-12-09,16298.1666666667
2002-12-10,16984.4583333333
2002-12-11,17354.4583333333
2002-12-12,17591.2083333333
2002-12-13,17481.8333333333
2002-12-14,16655.7916666667
2002-12-15,15153.625
2002-12-16,16737.2916666667
2002-12-17,17225.5833333333
2002-12-18,16182.125
2002-12-19,17312.5
2002-12-20,16915.4166666667
2002-12-21,16461.8333333333
2002-12-22,15259.5833333333
2002-12-23,16967.4166666667
2002-12-24,17340.4166666667
2002-12-25,17516.375
2002-12-26,17642.7083333333
2002-12-27,17377.0833333333
2002-12-28,16826.2083333333
2002-12-29,15330.125
2002-12-30,16386.2083333333
2002-12-31,16232.7083333333
2003-01-01,14698.1666666667
2003-01-02,16337.75
2003-01-03,16531.1666666667
2003-01-04,15919.625
2003-01-05,14651.875
2003-01-06,15848.6666666667
2003-01-07,16183.875
2003-01-08,16086.5833333333
2003-01-09,16299.625
2003-01-10,16170.5416666667
2003-01-11,15873.75
2003-01-12,14700.125
2003-01-13,16407.375
2003-01-14,16999.625
2003-01-15,16847.5833333333
2003-01-16,16785.5833333333
2003-01-17,16877.4166666667
2003-01-18,16442
2003-01-19,15195.4166666667
2003-01-20,16592.8333333333
2003-01-21,17006.5
2003-01-22,17006.5416666667
2003-01-23,16904.9166666667
2003-01-24,16763.8333333333
2003-01-25,16353.625
2003-01-26,15066.7083333333
2003-01-27,16731.875
2003-01-28,16961.2083333333
2003-01-29,17097.125
2003-01-30,16833.875
2003-01-31,16506.1666666667
2003-02-01,16141.2916666667
2003-02-02,14892.5416666667
2003-02-03,16648.2916666667
2003-02-04,17079.0833333333
2003-02-05,16628.9166666667
2003-02-06,16465.625
2003-02-07,16118.25
2003-02-08,15200.9583333333
2003-02-09,15158.75
2003-02-10,14081.2083333333
2003-02-11,12115.4166666667
2003-02-12,12221.625
2003-02-13,12638.4583333333
2003-02-14,13096.9583333333
2003-02-15,14030.4166666667
2003-02-16,14571.7916666667
2003-02-17,16684.1666666667
2003-02-18,17267.0416666667
2003-02-19,17376.6666666667
2003-02-20,17336.5
2003-02-21,17323.3333333333
2003-02-22,16807.375
2003-02-23,15736.3333333333
2003-02-24,17041.5
2003-02-25,17314.375
2003-02-26,17444.75
2003-02-27,17420.5416666667
2003-02-28,17192.9166666667
2003-03-01,16562.75
2003-03-02,15296.3333333333
2003-03-03,16759.6666666667
2003-03-04,17124.5416666667
2003-03-05,17064.5
2003-03-06,17011.8333333333
2003-03-07,16816.9166666667
2003-03-08,16097.8333333333
2003-03-09,14911.875
2003-03-10,16262.2916666667
2003-03-11,16631.5416666667
2003-03-12,16708
2003-03-13,16571.0833333333
2003-03-14,16820.5
2003-03-15,16191.0416666667
2003-03-16,14913.3333333333
2003-03-17,16403.125
2003-03-18,16767.9583333333
2003-03-19,16804.6666666667
2003-03-20,16847.2083333333
2003-03-21,16845.1666666667
2003-03-22,16647.0416666667
2003-03-23,15289.7916666667
2003-03-24,16998.875
2003-03-25,16841.75
2003-03-26,16601.4583333333
2003-03-27,16554.8333333333
2003-03-28,16526.4166666667
2003-03-29,15965.9583333333
2003-03-30,14606.8333333333
2003-03-31,15797.9166666667
2003-04-01,15821.7916666667
2003-04-02,15969.5833333333
2003-04-03,16000.2916666667
2003-04-04,15764.7083333333
2003-04-05,15145.0833333333
2003-04-06,13779.75
2003-04-07,15344.9583333333
2003-04-08,15864.625
2003-04-09,15897.875
2003-04-10,15562.2916666667
2003-04-11,15558.3333333333
2003-04-12,14635.375
2003-04-13,13360.2083333333
2003-04-14,14974.75
2003-04-15,15248.3333333333
2003-04-16,15420.9583333333
2003-04-17,15537.75
2003-04-18,15860.6666666667
2003-04-19,15318.375
2003-04-20,13879
2003-04-21,15107.125
2003-04-22,15218.5416666667
2003-04-23,14435.75
2003-04-24,15187.7083333333
2003-04-25,15322.5
2003-04-26,14752.8333333333
2003-04-27,13417.4583333333
2003-04-28,14752.625
2003-04-29,14807.1666666667
2003-04-30,14563.0833333333
2003-05-01,14262.9166666667
2003-05-02,14304.4583333333
2003-05-03,13985.875
2003-05-04,12557.0833333333
2003-05-05,14124.9583333333
2003-05-06,14483.625
2003-05-07,14483.0416666667
2003-05-08,14698.4583333333
2003-05-09,14726.875
2003-05-10,14419.2916666667
2003-05-11,13024.9166666667
2003-05-12,14590.875
2003-05-13,15064.75
2003-05-14,15208.5833333333
2003-05-15,15049.9166666667
2003-05-16,14789.5416666667
2003-05-17,14506.9166666667
2003-05-18,12915.25
2003-05-19,13194.4166666667
2003-05-20,14805.75
2003-05-21,15111.5
2003-05-22,15037.5833333333
2003-05-23,15075.0833333333
2003-05-24,14525.5833333333
2003-05-25,12933.2916666667
2003-05-26,14444.2083333333
2003-05-27,14878
2003-05-28,14856.2916666667
2003-05-29,14867
2003-05-30,14673.25
2003-05-31,14141.5416666667
2003-06-01,12799.0416666667
2003-06-02,14271.1666666667
2003-06-03,14680.0833333333
2003-06-04,14829.2916666667
2003-06-05,14978.2916666667
2003-06-06,15081.7916666667
2003-06-07,14502.9166666667
2003-06-08,13213.5
2003-06-09,14673.2916666667
2003-06-10,15066.125
2003-06-11,15337.3333333333
2003-06-12,15437.5416666667
2003-06-13,15521.5
2003-06-14,14981.1666666667
2003-06-15,13550.2916666667
2003-06-16,15549.5833333333
2003-06-17,15800.625
2003-06-18,15752.2916666667
2003-06-19,15760.6666666667
2003-06-20,15607.1666666667
2003-06-21,14895.3333333333
2003-06-22,13271.2916666667
2003-06-23,15060
2003-06-24,15337.4166666667
2003-06-25,15699.5833333333
2003-06-26,16004.6666666667
2003-06-27,16155.5833333333
2003-06-28,15688.5
2003-06-29,14051.5416666667
2003-06-30,15935.125
2003-07-01,16409.25
2003-07-02,16550.125
2003-07-03,16730.3333333333
2003-07-04,16861.875
2003-07-05,16427.875
2003-07-06,14483.9166666667
2003-07-07,16206.75
2003-07-08,16506.25
2003-07-09,16548.9166666667
2003-07-10,16441.5416666667
2003-07-11,16580.2083333333
2003-07-12,15930.8333333333
2003-07-13,14141.9583333333
2003-07-14,16035.5416666667
2003-07-15,16493.375
2003-07-16,16505.0833333333
2003-07-17,16670.2916666667
2003-07-18,16692.4583333333
2003-07-19,16051.25
2003-07-20,14299.875
2003-07-21,16329.5833333333
2003-07-22,16785.2916666667
2003-07-23,16797.625
2003-07-24,17000.375
2003-07-25,16928.1666666667
2003-07-26,16250.5833333333
2003-07-27,14540
2003-07-28,16353.5416666667
2003-07-29,16782.375
2003-07-30,16809.7916666667
2003-07-31,17033.5
2003-08-01,17099.5833333333
2003-08-02,16430.5833333333
2003-08-03,14904.9166666667
2003-08-04,16565.0833333333
2003-08-05,16861.125
2003-08-06,17029.7916666667
2003-08-07,17249.75
2003-08-08,17205.9166666667
2003-08-09,16492.875
2003-08-10,14644.8333333333
2003-08-11,16292.375
2003-08-12,16757.375
2003-08-13,16753.625
2003-08-14,16818.4166666667
2003-08-15,16903.75
2003-08-16,16287.375
2003-08-17,14825.125
2003-08-18,16638.375
2003-08-19,17111.9583333333
2003-08-20,17112.2916666667
2003-08-21,17105.7083333333
2003-08-22,17061.875
2003-08-23,16297.875
2003-08-24,14754.2083333333
2003-08-25,16503.75
2003-08-26,17069.0416666667
2003-08-27,17226.75
2003-08-28,17239.125
2003-08-29,17200.1666666667
2003-08-30,15817.125
2003-08-31,14647.7916666667
2003-09-01,16919.0416666667
2003-09-02,16996.7916666667
2003-09-03,16953.375
2003-09-04,16706.1666666667
2003-09-05,15906.4166666667
2003-09-06,15052.5416666667
2003-09-07,13587.9583333333
2003-09-08,15158.5
2003-09-09,15730.1666666667
2003-09-10,15944.25
2003-09-11,15963.5416666667
2003-09-12,15941.75
2003-09-13,15356.7083333333
2003-09-14,13905.0416666667
2003-09-15,15375.9583333333
2003-09-16,15751.8333333333
2003-09-17,15579.0416666667
2003-09-18,15597.25
2003-09-19,15637.7916666667
2003-09-20,15120.9166666667
2003-09-21,13533.5416666667
2003-09-22,15189.9166666667
2003-09-23,15599.4583333333
2003-09-24,15669
2003-09-25,15747.5833333333
2003-09-26,15720.4166666667
2003-09-27,15276.625
2003-09-28,13649.7083333333
2003-09-29,15134.25
2003-09-30,15500.9166666667
2003-10-01,15416.9166666667
2003-10-02,15488.125
2003-10-03,15323.5833333333
2003-10-04,14787.5416666667
2003-10-05,13469.7916666667
2003-10-06,15055.0833333333
2003-10-07,15417.5
2003-10-08,15396.1666666667
2003-10-09,14675.1666666667
2003-10-10,15259.5
2003-10-11,14816.375
2003-10-12,13385.3333333333
2003-10-13,14787.875
2003-10-14,15378.5416666667
2003-10-15,15399
2003-10-16,15628.4166666667
2003-10-17,15450.5
2003-10-18,15082.875
2003-10-19,13619.375
2003-10-20,15041.5833333333
2003-10-21,15461.5
2003-10-22,15490
2003-10-23,15424.75
2003-10-24,15489.5416666667
2003-10-25,15102.2916666667
2003-10-26,13984.4166666667
2003-10-27,15174.2916666667
2003-10-28,15396.25
2003-10-29,14613.375
2003-10-30,16044.6666666667
2003-10-31,15886.4166666667
2003-11-01,15990.2916666667
2003-11-02,14437.0833333333
2003-11-03,15443.4583333333
2003-11-04,15868.7083333333
2003-11-05,16164.625
2003-11-06,16313.7083333333
2003-11-07,16115.0416666667
2003-11-08,15941.6666666667
2003-11-09,14639.5
2003-11-10,16256.0416666667
2003-11-11,16822.875
2003-11-12,17024.1666666667
2003-11-13,17286.125
2003-11-14,17238.7083333333
2003-11-15,16875.5
2003-11-16,15425.875
2003-11-17,16727.7916666667
2003-11-18,17168.2083333333
2003-11-19,17167.4166666667
2003-11-20,17106.1666666667
2003-11-21,16939.4166666667
2003-11-22,16421.1666666667
2003-11-23,15063.625
2003-11-24,13902.75
2003-11-25,11305.0833333333
2003-11-26,11437.2916666667
2003-11-27,12220.625
2003-11-28,14095.6666666667
2003-11-29,14550.125
2003-11-30,14312.6666666667
2003-12-01,15930.6666666667
2003-12-02,16973.5833333333
2003-12-03,17504.1666666667
2003-12-04,17575.25
2003-12-05,17450.7083333333
2003-12-06,17024.4583333333
2003-12-07,15606.8333333333
2003-12-08,17220.8333333333
2003-12-09,17706.7916666667
2003-12-10,17449.9166666667
2003-12-11,17641.8333333333
2003-12-12,17534.875
2003-12-13,17145.375
2003-12-14,15378.3333333333
2003-12-15,17230.7916666667
2003-12-16,17601.5833333333
2003-12-17,17232.7916666667
2003-12-18,17626.3333333333
2003-12-19,17929.5
2003-12-20,17433.625
2003-12-21,15937.4166666667
2003-12-22,17595.875
2003-12-23,17859.875
2003-12-24,17690.9583333333
2003-12-25,17810.9583333333
2003-12-26,17806.4583333333
2003-12-27,17272.4583333333
2003-12-28,15980.125
2003-12-29,17438.625
2003-12-30,17644.125
2003-12-31,16635.2916666667
2004-01-01,14640.75
2004-01-02,17101.25
2004-01-03,17081.2083333333
2004-01-04,15633.2083333333
2004-01-05,17356.5416666667
2004-01-06,17856.4583333333
2004-01-07,17814.9583333333
2004-01-08,17870.3333333333
2004-01-09,18044
2004-01-10,17657.2083333333
2004-01-11,16109.75
2004-01-12,17674.0833333333
2004-01-13,17830.3333333333
2004-01-14,17719.0833333333
2004-01-15,17565.2083333333
2004-01-16,17402.875
2004-01-17,16839.9583333333
2004-01-18,15414.5
2004-01-19,17125.6666666667
2004-01-20,17374.4583333333
2004-01-21,17700.375
2004-01-22,16808.9166666667
2004-01-23,16454.3333333333
2004-01-24,15641.8333333333
2004-01-25,15177.6666666667
2004-01-26,17170.3333333333
2004-01-27,17752.0833333333
2004-01-28,17715.7083333333
2004-01-29,17410.125
2004-01-30,17458.125
2004-01-31,14998.2916666667
2004-02-01,12219.0833333333
2004-02-02,12088.7083333333
2004-02-03,12682.5833333333
2004-02-04,13445.6666666667
2004-02-05,16060.4166666667
2004-02-06,16638.8333333333
2004-02-07,15959.4166666667
2004-02-08,14687.9583333333
2004-02-09,16510.3333333333
2004-02-10,16896.5
2004-02-11,17217.9166666667
2004-02-12,17340.2916666667
2004-02-13,15804.7916666667
2004-02-14,15867.8333333333
2004-02-15,15332.7916666667
2004-02-16,17370.9166666667
2004-02-17,17997.125
2004-02-18,18028.2083333333
2004-02-19,17969.5416666667
2004-02-20,17840.5416666667
2004-02-21,17508.2916666667
2004-02-22,15415.25
2004-02-23,17555.4166666667
2004-02-24,17738.3333333333
2004-02-25,17236.5
2004-02-26,16948.0833333333
2004-02-27,16563.9583333333
2004-02-28,15949.7083333333
2004-02-29,14424.0416666667
2004-03-01,16376.0833333333
2004-03-02,16749.7083333333
2004-03-03,16841.75
2004-03-04,17063.0833333333
2004-03-05,17165.7083333333
2004-03-06,17042.125
2004-03-07,15401.0416666667
2004-03-08,16943.2916666667
2004-03-09,17238.3333333333
2004-03-10,17242.4583333333
2004-03-11,17479.7083333333
2004-03-12,17289.875
2004-03-13,16840.3333333333
2004-03-14,15208.9166666667
2004-03-15,16757.375
2004-03-16,17037.0833333333
2004-03-17,16951.25
2004-03-18,17046.4583333333
2004-03-19,16869.7916666667
2004-03-20,16418.2083333333
2004-03-21,14710.5833333333
2004-03-22,16134.3333333333
2004-03-23,16168.5
2004-03-24,16165.0833333333
2004-03-25,16289.6666666667
2004-03-26,16405.5833333333
2004-03-27,15831.125
2004-03-28,13919.8333333333
2004-03-29,16167.8333333333
2004-03-30,16483.2083333333
2004-03-31,16580.875
2004-04-01,16562.2916666667
2004-04-02,16277.125
2004-04-03,16319.7083333333
2004-04-04,14736.75
2004-04-05,16440.1666666667
2004-04-06,16631.6666666667
2004-04-07,16475.75
2004-04-08,16348.375
2004-04-09,16059.9583333333
2004-04-10,15550.875
2004-04-11,14065.8333333333
2004-04-12,15503.625
2004-04-13,15896.5416666667
2004-04-14,15875.5416666667
2004-04-15,16208.4583333333
2004-04-16,16065.625
2004-04-17,15822.5
2004-04-18,14478.125
2004-04-19,16017
2004-04-20,16188.9583333333
2004-04-21,16443.0833333333
2004-04-22,16150.9166666667
2004-04-23,15041.875
2004-04-24,14804.75
2004-04-25,13812
2004-04-26,15615.5
2004-04-27,16087.3333333333
2004-04-28,16237.7083333333
2004-04-29,15880.625
2004-04-30,15602.5416666667
2004-05-01,14867.625
2004-05-02,13551.625
2004-05-03,15298.2916666667
2004-05-04,15704.5833333333
2004-05-05,15635.3333333333
2004-05-06,15582.6666666667
2004-05-07,15476.2916666667
2004-05-08,15083.5833333333
2004-05-09,13465.2916666667
2004-05-10,15108.8333333333
2004-05-11,15447.125
2004-05-12,15633.3333333333
2004-05-13,15754.875
2004-05-14,15793.3333333333
2004-05-15,15317.25
2004-05-16,13988.8333333333
2004-05-17,15416.4583333333
2004-05-18,15849.2083333333
2004-05-19,14929.7083333333
2004-05-20,15647.2083333333
2004-05-21,15919.3333333333
2004-05-22,15432.625
2004-05-23,13782.4166666667
2004-05-24,15492.1666666667
2004-05-25,15912.875
2004-05-26,15890.1666666667
2004-05-27,15951.9166666667
2004-05-28,15797.0833333333
2004-05-29,15428.375
2004-05-30,13761.375
2004-05-31,15533.1666666667
2004-06-01,15857.5
2004-06-02,15861.75
2004-06-03,15893.4166666667
2004-06-04,15871.1666666667
2004-06-05,15370.375
2004-06-06,13642.2916666667
2004-06-07,15390.9583333333
2004-06-08,15817.1666666667
2004-06-09,15944.5
2004-06-10,16038.7083333333
2004-06-11,15888.75
2004-06-12,15599.6666666667
2004-06-13,14078.875
2004-06-14,16167.9583333333
2004-06-15,16561.4583333333
2004-06-16,16563.5416666667
2004-06-17,16832.625
2004-06-18,16704.5
2004-06-19,15771.625
2004-06-20,14161.7916666667
2004-06-21,16199.9583333333
2004-06-22,16878.3333333333
2004-06-23,16643.9166666667
2004-06-24,16594.3333333333
2004-06-25,16553.8333333333
2004-06-26,16067.875
2004-06-27,14458.7083333333
2004-06-28,16395.5416666667
2004-06-29,16944.4583333333
2004-06-30,17054.4166666667
2004-07-01,17157
2004-07-02,17135.625
2004-07-03,16521.5
2004-07-04,14869.125
2004-07-05,16908.7916666667
2004-07-06,17552.1666666667
2004-07-07,17696.375
2004-07-08,17747.5
2004-07-09,17630.9583333333
2004-07-10,16884.5833333333
2004-07-11,15126.75
2004-07-12,17341.0833333333
2004-07-13,17867.875
2004-07-14,17700.3333333333
2004-07-15,17625.625
2004-07-16,17260.5
2004-07-17,16524.375
2004-07-18,14828.4166666667
2004-07-19,16910.6666666667
2004-07-20,17635.0416666667
2004-07-21,17727.2916666667
2004-07-22,17889.875
2004-07-23,17774.7083333333
2004-07-24,17099.7083333333
2004-07-25,15447.75
2004-07-26,17603.5833333333
2004-07-27,18097.25
2004-07-28,18264.3333333333
2004-07-29,18472.6666666667
2004-07-30,18302.7916666667
2004-07-31,17552.5416666667
2004-08-01,16208.3333333333
2004-08-02,17436.4583333333
2004-08-03,18041.625
2004-08-04,18143
2004-08-05,18099.5416666667
2004-08-06,18019.7083333333
2004-08-07,17299.3333333333
2004-08-08,16245.0416666667
2004-08-09,17627.2083333333
2004-08-10,18045.8333333333
2004-08-11,17726
2004-08-12,17707.375
2004-08-13,17851.4166666667
2004-08-14,17213.1666666667
2004-08-15,15551.9166666667
2004-08-16,17354.75
2004-08-17,17509.5416666667
2004-08-18,17603.125
2004-08-19,17646.7916666667
2004-08-20,17691.125
2004-08-21,17195.7083333333
2004-08-22,15478.25
2004-08-23,17481.3333333333
2004-08-24,17998.75
2004-08-25,18069.4583333333
2004-08-26,18149.3333333333
2004-08-27,18088.4583333333
2004-08-28,17124.125
2004-08-29,15272.75
2004-08-30,15934.5416666667
2004-08-31,17686.4583333333
2004-09-01,17925
2004-09-02,18091.6666666667
2004-09-03,18155.75
2004-09-04,17376.5
2004-09-05,15351.25
2004-09-06,17066.0833333333
2004-09-07,17358.625
2004-09-08,17351.2916666667
2004-09-09,17428.5
2004-09-10,17207.8333333333
2004-09-11,16558.1666666667
2004-09-12,14773.9583333333
2004-09-13,16536.1666666667
2004-09-14,17083.3333333333
2004-09-15,17095.7916666667
2004-09-16,17148.0833333333
2004-09-17,17105.0833333333
2004-09-18,16580.6666666667
2004-09-19,14789.125
2004-09-20,16485.25
2004-09-21,16837.9166666667
2004-09-22,17217.0833333333
2004-09-23,17215.625
2004-09-24,17076.25
2004-09-25,16565.7083333333
2004-09-26,14846.875
2004-09-27,16821
2004-09-28,17162.7083333333
2004-09-29,17265.2916666667
2004-09-30,17313.7916666667
2004-10-01,16705.0833333333
2004-10-02,16191.25
2004-10-03,14492.3333333333
2004-10-04,16235.2083333333
2004-10-05,16560.125
2004-10-06,16407.5
2004-10-07,16396.875
2004-10-08,16244.5833333333
2004-10-09,15847.6666666667
2004-10-10,14238
2004-10-11,15853.2916666667
2004-10-12,16553.25
2004-10-13,16619.7083333333
2004-10-14,16877
2004-10-15,16603.2916666667
2004-10-16,16240.5833333333
2004-10-17,14599.9166666667
2004-10-18,16053.0833333333
2004-10-19,16372.1666666667
2004-10-20,16554.625
2004-10-21,16442.4583333333
2004-10-22,16480.0833333333
2004-10-23,16237
2004-10-24,14705.75
2004-10-25,16188.75
2004-10-26,16659.875
2004-10-27,16444.7083333333
2004-10-28,15950.2083333333
2004-10-29,14757.625
2004-10-30,15048.9166666667
2004-10-31,14149.7083333333
2004-11-01,16100.2083333333
2004-11-02,16383.2916666667
2004-11-03,16562.9166666667
2004-11-04,16726.875
2004-11-05,16784.25
2004-11-06,16697.4583333333
2004-11-07,15078.6666666667
2004-11-08,16567.625
2004-11-09,16879.75
2004-11-10,17005.8333333333
2004-11-11,16922.0416666667
2004-11-12,16821.2916666667
2004-11-13,14368.1666666667
2004-11-14,11624.0416666667
2004-11-15,11717.5416666667
2004-11-16,12761.2916666667
2004-11-17,16129.0416666667
2004-11-18,16898.0416666667
2004-11-19,17093.4166666667
2004-11-20,16892.875
2004-11-21,15405.5416666667
2004-11-22,17355.4583333333
2004-11-23,18105.2916666667
2004-11-24,18557.2916666667
2004-11-25,18713.4583333333
2004-11-26,18370.9166666667
2004-11-27,17608.875
2004-11-28,16034.875
2004-11-29,17961.7916666667
2004-11-30,18225.0833333333
2004-12-01,18134.2916666667
2004-12-02,18396.6666666667
2004-12-03,17853.3333333333
2004-12-04,17394.6666666667
2004-12-05,15720.0833333333
2004-12-06,17669.8333333333
2004-12-07,18415.5416666667
2004-12-08,18461.6666666667
2004-12-09,18421.5416666667
2004-12-10,18688.8333333333
2004-12-11,18174.375
2004-12-12,16348.1666666667
2004-12-13,18350.5416666667
2004-12-14,18968.7916666667
2004-12-15,19118.0416666667
2004-12-16,19234
2004-12-17,19029.9166666667
2004-12-18,18467.625
2004-12-19,16609.1666666667
2004-12-20,18586.7916666667
2004-12-21,18896.2083333333
2004-12-22,19045.875
2004-12-23,19058.7916666667
2004-12-24,18951.0833333333
2004-12-25,18257.5416666667
2004-12-26,16624.125
2004-12-27,18095.0416666667
2004-12-28,18379.5416666667
2004-12-29,18310.0833333333
2004-12-30,18080.4166666667
2004-12-31,17013.0416666667
2005-01-01,14731.9583333333
2005-01-02,15519.7083333333
2005-01-03,17910.125
2005-01-04,18725.2916666667
2005-01-05,18506.1666666667
2005-01-06,18532.625
2005-01-07,18673.8333333333
2005-01-08,18139
2005-01-09,16509.1666666667
2005-01-10,18215.25
2005-01-11,18567.5416666667
2005-01-12,18685.0416666667
2005-01-13,18736.125
2005-01-14,18982.375
2005-01-15,18601.75
2005-01-16,17257.7916666667
2005-01-17,18653.4583333333
2005-01-18,18604.0833333333
2005-01-19,15807.4583333333
2005-01-20,12741.2916666667
2005-01-21,12614.625
2005-01-22,13590.4166666667
2005-01-23,14273.2916666667
2005-01-24,17733.625
2005-01-25,18549.0416666667
2005-01-26,18332.875
2005-01-27,18446.25
2005-01-28,18427.0833333333
2005-01-29,17768.7083333333
2005-01-30,16156.4166666667
2005-01-31,18308.75
2005-02-01,18946.125
2005-02-02,18852.5833333333
2005-02-03,18340.6666666667
2005-02-04,18170.5
2005-02-05,17553.9583333333
2005-02-06,16095.6666666667
2005-02-07,17915.6666666667
2005-02-08,18412.4166666667
2005-02-09,18697.5416666667
2005-02-10,18745.2083333333
2005-02-11,18426.6666666667
2005-02-12,17582.4166666667
2005-02-13,16711.375
2005-02-14,18650.5833333333
2005-02-15,19172.9583333333
2005-02-16,19270.9166666667
2005-02-17,19183.9166666667
2005-02-18,19053.75
2005-02-19,18625.1666666667
2005-02-20,16521.4583333333
2005-02-21,18719.7916666667
2005-02-22,18930.5416666667
2005-02-23,18512.3333333333
2005-02-24,18216.7916666667
2005-02-25,17907.75
2005-02-26,17292.875
2005-02-27,15606.875
2005-02-28,17621.25
2005-03-01,18502.8333333333
2005-03-02,18303.875
2005-03-03,18592.6666666667
2005-03-04,18422.25
2005-03-05,17747.5833333333
2005-03-06,16106.1666666667
2005-03-07,17758.2916666667
2005-03-08,18590.3333333333
2005-03-09,18052.2916666667
2005-03-10,18528.5
2005-03-11,18703.625
2005-03-12,18119.9166666667
2005-03-13,16272.2916666667
2005-03-14,18012.75
2005-03-15,18204.2916666667
2005-03-16,18205
2005-03-17,18199.625
2005-03-18,17937.5833333333
2005-03-19,17227.9166666667
2005-03-20,15886.8333333333
2005-03-21,17798.8333333333
2005-03-22,18518.375
2005-03-23,18444.5833333333
2005-03-24,18404.6666666667
2005-03-25,18366.3333333333
2005-03-26,17665.7083333333
2005-03-27,15744.2916666667
2005-03-28,17399.5
2005-03-29,17969.2916666667
2005-03-30,17915.0416666667
2005-03-31,18100.0833333333
2005-04-01,17633
2005-04-02,17478.125
2005-04-03,16070.4166666667
2005-04-04,18175.5416666667
2005-04-05,18303.375
2005-04-06,18278.5416666667
2005-04-07,18132.7083333333
2005-04-08,17973.2083333333
2005-04-09,17333.375
2005-04-10,15309.375
2005-04-11,16932.375
2005-04-12,17272.75
2005-04-13,17428.1666666667
2005-04-14,17441.9583333333
2005-04-15,17403.3333333333
2005-04-16,16985.0416666667
2005-04-17,15229.375
2005-04-18,16915.7083333333
2005-04-19,17204.2083333333
2005-04-20,17314.125
2005-04-21,17407.0833333333
2005-04-22,17188.9166666667
2005-04-23,16106.0416666667
2005-04-24,14974.8333333333
2005-04-25,16878.2916666667
2005-04-26,17348.25
2005-04-27,17419
2005-04-28,17414.5833333333
2005-04-29,17405
2005-04-30,16900
2005-05-01,15783.3333333333
2005-05-02,16824.0416666667
2005-05-03,17373.7083333333
2005-05-04,17450.75
2005-05-05,17415.3333333333
2005-05-06,17419.75
2005-05-07,16666.4166666667
2005-05-08,14700.2083333333
2005-05-09,16626.3333333333
2005-05-10,17119.2916666667
2005-05-11,17288.875
2005-05-12,17413.375
2005-05-13,17440.125
2005-05-14,17049.9166666667
2005-05-15,15222.5833333333
2005-05-16,16970.1666666667
2005-05-17,17359.875
2005-05-18,17302.75
2005-05-19,16508.875
2005-05-20,17307.4166666667
2005-05-21,16899.25
2005-05-22,15224.7083333333
2005-05-23,16996.9166666667
2005-05-24,17447.9166666667
2005-05-25,17417.5833333333
2005-05-26,17428.9166666667
2005-05-27,17192.0416666667
2005-05-28,16644.9583333333
2005-05-29,14870.0833333333
2005-05-30,16622.5416666667
2005-05-31,17097.5416666667
2005-06-01,17034.0416666667
2005-06-02,17114.3333333333
2005-06-03,17011.6666666667
2005-06-04,16703.4583333333
2005-06-05,14867.875
2005-06-06,16948.625
2005-06-07,17310.7083333333
2005-06-08,17586.75
2005-06-09,17680.4166666667
2005-06-10,17537.0416666667
2005-06-11,16830.875
2005-06-12,15026.75
2005-06-13,17230.9583333333
2005-06-14,17739.5
2005-06-15,17690.0416666667
2005-06-16,17961.875
2005-06-17,18016.5833333333
2005-06-18,17525.7083333333
2005-06-19,15499.625
2005-06-20,17479.5
2005-06-21,18022.6666666667
2005-06-22,18044.1666666667
2005-06-23,18094.2916666667
2005-06-24,18179.9166666667
2005-06-25,17655.5416666667
2005-06-26,15554.625
2005-06-27,17795.625
2005-06-28,18701.625
2005-06-29,18733.125
2005-06-30,18873.375
2005-07-01,19069.5833333333
2005-07-02,18442.7916666667
2005-07-03,16400.2916666667
2005-07-04,18318.3333333333
2005-07-05,19265.0833333333
2005-07-06,18979.3333333333
2005-07-07,19187.2083333333
2005-07-08,19405.7916666667
2005-07-09,18654.5416666667
2005-07-10,16595.125
2005-07-11,19057.125
2005-07-12,19762.4166666667
2005-07-13,19763.875
2005-07-14,19561.25
2005-07-15,19234.5416666667
2005-07-16,18171.4583333333
2005-07-17,16396.4166666667
2005-07-18,18773.125
2005-07-19,19509.7916666667
2005-07-20,19706.9166666667
2005-07-21,19860.2083333333
2005-07-22,19767.625
2005-07-23,18955.2916666667
2005-07-24,17070.75
2005-07-25,19246.7083333333
2005-07-26,19832.75
2005-07-27,19935.5833333333
2005-07-28,20020.7083333333
2005-07-29,20075.7083333333
2005-07-30,19344.125
2005-07-31,17243.1666666667
2005-08-01,19506.375
2005-08-02,19730.875
2005-08-03,20046.0416666667
2005-08-04,20157.7083333333
2005-08-05,19952.5416666667
2005-08-06,19123.0833333333
2005-08-07,17201.7916666667
2005-08-08,19149.8333333333
2005-08-09,19618.2916666667
2005-08-10,19734.375
2005-08-11,19592.25
2005-08-12,19688.0833333333
2005-08-13,19085.9583333333
2005-08-14,17372.3333333333
2005-08-15,19487.3333333333
2005-08-16,20078.5833333333
2005-08-17,20003.7916666667
2005-08-18,19982.0416666667
2005-08-19,19920.25
2005-08-20,19104.9583333333
2005-08-21,17146.4583333333
2005-08-22,19414.7916666667
2005-08-23,20197.75
2005-08-24,20232.0833333333
2005-08-25,20113.6666666667
2005-08-26,20101
2005-08-27,19123.0833333333
2005-08-28,17032.2916666667
2005-08-29,18792.25
2005-08-30,18684.6666666667
2005-08-31,19595.875
2005-09-01,19781.4583333333
2005-09-02,19433.7916666667
2005-09-03,18506.6666666667
2005-09-04,16161.5833333333
2005-09-05,18245.4166666667
2005-09-06,18844.8333333333
2005-09-07,18918.0416666667
2005-09-08,19045.6666666667
2005-09-09,18941.8333333333
2005-09-10,18175.375
2005-09-11,16428.6666666667
2005-09-12,18257.5
2005-09-13,18876.625
2005-09-14,18899.1666666667
2005-09-15,18896.125
2005-09-16,18433.9166666667
2005-09-17,18031.0833333333
2005-09-18,16309.7916666667
2005-09-19,18210.25
2005-09-20,18531.7083333333
2005-09-21,18751.1666666667
2005-09-22,18659.9583333333
2005-09-23,18467.1666666667
2005-09-24,17704.2916666667
2005-09-25,15673.25
2005-09-26,17589.1666666667
2005-09-27,18295.375
2005-09-28,18299.6666666667
2005-09-29,18966.2916666667
2005-09-30,18405.5
2005-10-01,17995.0833333333
2005-10-02,16126.4166666667
2005-10-03,17975.375
2005-10-04,18464.4166666667
2005-10-05,18191.9166666667
2005-10-06,18160.7083333333
2005-10-07,17981
2005-10-08,17665.8333333333
2005-10-09,15938.0833333333
2005-10-10,17678.0833333333
2005-10-11,18414.7916666667
2005-10-12,18331.5833333333
2005-10-13,18610.5
2005-10-14,18449.875
2005-10-15,18081.7916666667
2005-10-16,16413.8333333333
2005-10-17,17942.9583333333
2005-10-18,18333.6666666667
2005-10-19,18550.9166666667
2005-10-20,18501.875
2005-10-21,18467.8333333333
2005-10-22,18242.7083333333
2005-10-23,16548.2916666667
2005-10-24,18092.7083333333
2005-10-25,18558.7083333333
2005-10-26,18327.2916666667
2005-10-27,18300.75
2005-10-28,17642.75
2005-10-29,17037.0833333333
2005-10-30,16108.4166666667
2005-10-31,18112.25
2005-11-01,18577.5
2005-11-02,16815.5833333333
2005-11-03,14191.625
2005-11-04,13949.5833333333
2005-11-05,14394.5
2005-11-06,15579.3333333333
2005-11-07,18239.7083333333
2005-11-08,18849.2083333333
2005-11-09,18883.1666666667
2005-11-10,18899.3333333333
2005-11-11,18916.25
2005-11-12,18696.7916666667
2005-11-13,17043.9166666667
2005-11-14,18941.1666666667
2005-11-15,19478.25
2005-11-16,19421.8333333333
2005-11-17,19330.875
2005-11-18,19374.375
2005-11-19,18875.4166666667
2005-11-20,17354.2916666667
2005-11-21,19276.625
2005-11-22,19915.5833333333
2005-11-23,20326.7916666667
2005-11-24,20124.9583333333
2005-11-25,19988.9166666667
2005-11-26,19198.1666666667
2005-11-27,17091.75
2005-11-28,18893.9166666667
2005-11-29,19350.4166666667
2005-11-30,19144.125
2005-12-01,19194.7083333333
2005-12-02,19237.9166666667
2005-12-03,18619.6666666667
2005-12-04,16897.2083333333
2005-12-05,18691.625
2005-12-06,19329.0416666667
2005-12-07,19254.0416666667
2005-12-08,19409.5416666667
2005-12-09,19427.125
2005-12-10,19136.1666666667
2005-12-11,17399.2916666667
2005-12-12,19480.4583333333
2005-12-13,19893
2005-12-14,19916.6666666667
2005-12-15,20005.0416666667
2005-12-16,19968.0833333333
2005-12-17,19231.75
2005-12-18,17362.9166666667
2005-12-19,19542.875
2005-12-20,20117.3333333333
2005-12-21,20338.25
2005-12-22,20571.625
2005-12-23,20554
2005-12-24,20024.25
2005-12-25,18099.375
2005-12-26,20029.7083333333
2005-12-27,20431.4166666667
2005-12-28,20173.6666666667
2005-12-29,19954.4583333333
2005-12-30,19596.875
2005-12-31,17830.4166666667
2006-01-01,16190.6666666667
2006-01-02,19285
2006-01-03,19747.0833333333
2006-01-04,20050.75
2006-01-05,20241.9583333333
2006-01-06,19878.5416666667
2006-01-07,19201.6666666667
2006-01-08,17719.9166666667
2006-01-09,16325.875
2006-01-10,14043.6666666667
2006-01-11,13821.5833333333
2006-01-12,14284.5416666667
2006-01-13,15023.7916666667
2006-01-14,16264.25
2006-01-15,16708.0833333333
2006-01-16,19682.2083333333
2006-01-17,20332.3333333333
2006-01-18,20541.0416666667
2006-01-19,20747.625
2006-01-20,20369.1666666667
2006-01-21,19181.0416666667
2006-01-22,17689.875
2006-01-23,19751.625
2006-01-24,20122.4583333333
2006-01-25,19649.375
2006-01-26,19459.375
2006-01-27,20023.0416666667
2006-01-28,19818.0833333333
2006-01-29,17983.375
2006-01-30,20314.75
2006-01-31,20684.5416666667
2006-02-01,20522.4166666667
2006-02-02,20642.2916666667
2006-02-03,20442.1666666667
2006-02-04,19679
2006-02-05,18197.3333333333
2006-02-06,19954.25
2006-02-07,20403.1666666667
2006-02-08,20643.5416666667
2006-02-09,20619.0416666667
2006-02-10,20586.0833333333
2006-02-11,19784.4166666667
2006-02-12,18005.1666666667
2006-02-13,20063.7083333333
2006-02-14,20732.5
2006-02-15,20822.25
2006-02-16,20944.0833333333
2006-02-17,20973.375
2006-02-18,20044.7916666667
2006-02-19,17964.0833333333
2006-02-20,19306.0416666667
2006-02-21,19552.7916666667
2006-02-22,19299.1666666667
2006-02-23,19323.375
2006-02-24,19479.5
2006-02-25,18954.875
2006-02-26,17208.9583333333
2006-02-27,19063.75
2006-02-28,19468.7916666667
2006-03-01,19074.5833333333
2006-03-02,19206.0833333333
2006-03-03,19382.4583333333
2006-03-04,18731.5
2006-03-05,16885.5416666667
2006-03-06,18527.5416666667
2006-03-07,19391.7916666667
2006-03-08,19685.25
2006-03-09,20097.125
2006-03-10,20027.625
2006-03-11,19479.9166666667
2006-03-12,17477.375
2006-03-13,19125.8333333333
2006-03-14,19849.6666666667
2006-03-15,19902.8333333333
2006-03-16,20105.875
2006-03-17,20024.0833333333
2006-03-18,19620.375
2006-03-19,17525.2083333333
2006-03-20,19399.2083333333
2006-03-21,19620.2916666667
2006-03-22,19276.9583333333
2006-03-23,19167.4583333333
2006-03-24,19421.5416666667
2006-03-25,18981.9166666667
2006-03-26,17170.6666666667
2006-03-27,18948.0833333333
2006-03-28,19183.9583333333
2006-03-29,19131.7916666667
2006-03-30,19361.875
2006-03-31,19094.9166666667
2006-04-01,18619.2083333333
2006-04-02,16847.7916666667
2006-04-03,18459.9166666667
2006-04-04,18992.7083333333
2006-04-05,19081.3333333333
2006-04-06,19001.25
2006-04-07,18893.125
2006-04-08,18500.9166666667
2006-04-09,16661.4166666667
2006-04-10,18322.4583333333
2006-04-11,18768.75
2006-04-12,18650.4583333333
2006-04-13,18678.875
2006-04-14,18853.0416666667
2006-04-15,18269.4166666667
2006-04-16,16180.8333333333
2006-04-17,18014.4166666667
2006-04-18,18522.5833333333
2006-04-19,18609.2083333333
2006-04-20,18635.1666666667
2006-04-21,18455.1666666667
2006-04-22,17944.0833333333
2006-04-23,15749.8333333333
2006-04-24,18218.0833333333
2006-04-25,18757.4166666667
2006-04-26,18936.8333333333
2006-04-27,19044.3333333333
2006-04-28,18991.0416666667
2006-04-29,18640.2083333333
2006-04-30,16700.0416666667
2006-05-01,18646.4583333333
2006-05-02,18913.0833333333
2006-05-03,18787.5833333333
2006-05-04,18868.9583333333
2006-05-05,18799.4166666667
2006-05-06,18023.125
2006-05-07,16219.2083333333
2006-05-08,18257.5
2006-05-09,18662.6666666667
2006-05-10,18616.2916666667
2006-05-11,18581.25
2006-05-12,18455.875
2006-05-13,17894.4166666667
2006-05-14,16061.9166666667
2006-05-15,17949.875
2006-05-16,18470.375
2006-05-17,18509.8333333333
2006-05-18,18428.8333333333
2006-05-19,17181.5416666667
2006-05-20,16900.125
2006-05-21,15800.125
2006-05-22,18152.6666666667
2006-05-23,19034.1666666667
2006-05-24,19253.7083333333
2006-05-25,19496.75
2006-05-26,19329.875
2006-05-27,18564.5
2006-05-28,16619.375
2006-05-29,19007.0833333333
2006-05-30,19643.8333333333
2006-05-31,19692.0416666667
2006-06-01,19626.5833333333
2006-06-02,19861.7083333333
2006-06-03,19292.0416666667
2006-06-04,17134.7916666667
2006-06-05,19540.7916666667
2006-06-06,19873.75
2006-06-07,19721.2916666667
2006-06-08,19626.4583333333
2006-06-09,19208.7916666667
2006-06-10,18457.0833333333
2006-06-11,16652.0416666667
2006-06-12,18907.0416666667
2006-06-13,19396.5416666667
2006-06-14,19268.0416666667
2006-06-15,19546.0416666667
2006-06-16,19301.625
2006-06-17,18692.6666666667
2006-06-18,17490.75
2006-06-19,19780.4166666667
2006-06-20,19961.4583333333
2006-06-21,20584.7083333333
2006-06-22,20684.625
2006-06-23,20646.2083333333
2006-06-24,20033.2916666667
2006-06-25,18141.3333333333
2006-06-26,20403
2006-06-27,20651.2916666667
2006-06-28,20911.6666666667
2006-06-29,20843.0833333333
2006-06-30,20883.75
2006-07-01,19790.25
2006-07-02,17879.875
2006-07-03,19884.7083333333
2006-07-04,20047.9583333333
2006-07-05,20175.3333333333
2006-07-06,20322.5416666667
2006-07-07,20393.625
2006-07-08,19707.75
2006-07-09,17680
2006-07-10,20044.0833333333
2006-07-11,20794.3333333333
2006-07-12,21087.875
2006-07-13,21224.8333333333
2006-07-14,21166.0833333333
2006-07-15,20407.2083333333
2006-07-16,18282.5416666667
2006-07-17,20675.875
2006-07-18,21294.5833333333
2006-07-19,21426.2916666667
2006-07-20,21596.7083333333
2006-07-21,21435.125
2006-07-22,20581.8333333333
2006-07-23,18375.7083333333
2006-07-24,20947.4166666667
2006-07-25,21630.3333333333
2006-07-26,21690.4166666667
2006-07-27,21640.4166666667
2006-07-28,21672.5833333333
2006-07-29,20741.0416666667
2006-07-30,18668.5833333333
2006-07-31,21117.4166666667
2006-08-01,21667.875
2006-08-02,21774.9166666667
2006-08-03,21614.3333333333
2006-08-04,21989.875
2006-08-05,21311.0416666667
2006-08-06,19160.9583333333
2006-08-07,21479.7916666667
2006-08-08,21749.9583333333
2006-08-09,21858.2083333333
2006-08-10,21842.5416666667
2006-08-11,21961.3333333333
2006-08-12,21061.6666666667
2006-08-13,18937.75
2006-08-14,21600.9166666667
2006-08-15,22215.1666666667
2006-08-16,22363.7916666667
2006-08-17,22381.0416666667
2006-08-18,22256.875
2006-08-19,21235.75
2006-08-20,19077.875
2006-08-21,21437.4583333333
2006-08-22,22356.9583333333
2006-08-23,22232.4583333333
2006-08-24,22292.875
2006-08-25,21991.4166666667
2006-08-26,21336.875
2006-08-27,18983.375
2006-08-28,21330.6666666667
2006-08-29,21651.4583333333
2006-08-30,20637
2006-08-31,21400.4583333333
2006-09-01,20366.875
2006-09-02,19714.6666666667
2006-09-03,17504.4583333333
2006-09-04,20127.7916666667
2006-09-05,21065.2916666667
2006-09-06,21180.6666666667
2006-09-07,20943.7916666667
2006-09-08,20971.4166666667
2006-09-09,20091.875
2006-09-10,17859.125
2006-09-11,20090
2006-09-12,20623.0416666667
2006-09-13,20610.125
2006-09-14,20720.5416666667
2006-09-15,20464.3333333333
2006-09-16,19745
2006-09-17,17643.4166666667
2006-09-18,19701.2083333333
2006-09-19,19906.4583333333
2006-09-20,20117.625
2006-09-21,19871
2006-09-22,19723.0416666667
2006-09-23,19120.125
2006-09-24,16893
2006-09-25,18582.9583333333
2006-09-26,18936.2916666667
2006-09-27,19151.1666666667
2006-09-28,19272.0833333333
2006-09-29,19103.0833333333
2006-09-30,18698.5833333333
2006-10-01,16803.9583333333
2006-10-02,18524.4583333333
2006-10-03,18958.1666666667
2006-10-04,18994.875
2006-10-05,19205.125
2006-10-06,19154.75
2006-10-07,18849.7083333333
2006-10-08,16974.7083333333
2006-10-09,18635.6666666667
2006-10-10,19148.2083333333
2006-10-11,19214.2916666667
2006-10-12,19104.2083333333
2006-10-13,19083.2083333333
2006-10-14,18731.2916666667
2006-10-15,16886.375
2006-10-16,18586.4166666667
2006-10-17,19258.9166666667
2006-10-18,19440.0416666667
2006-10-19,19361.3333333333
2006-10-20,19128.5416666667
2006-10-21,18435.25
2006-10-22,15866.1666666667
2006-10-23,14031.0416666667
2006-10-24,14182
2006-10-25,15089.2083333333
2006-10-26,17799.4583333333
2006-10-27,18518.25
2006-10-28,18118.0416666667
2006-10-29,16612.75
2006-10-30,18949.5
2006-10-31,19648.875
2006-11-01,19677.375
2006-11-02,19953.1666666667
2006-11-03,20359.1666666667
2006-11-04,20267.7083333333
2006-11-05,18274.5833333333
2006-11-06,20786.9583333333
2006-11-07,20994.4166666667
2006-11-08,20994.7083333333
2006-11-09,20964.9166666667
2006-11-10,20904.7083333333
2006-11-11,20645.4583333333
2006-11-12,18582.5833333333
2006-11-13,20706.2916666667
2006-11-14,21126.5416666667
2006-11-15,21139
2006-11-16,21166.7916666667
2006-11-17,20884.0416666667
2006-11-18,20330.4583333333
2006-11-19,18368.8333333333
2006-11-20,20702.0416666667
2006-11-21,21290.625
2006-11-22,21297.5833333333
2006-11-23,21298.9583333333
2006-11-24,21011.7083333333
2006-11-25,20396.125
2006-11-26,18505.0833333333
2006-11-27,20725.75
2006-11-28,21130.4583333333
2006-11-29,21339.5
2006-11-30,21629.2083333333
2006-12-01,21237.5833333333
2006-12-02,20791.7916666667
2006-12-03,18896.2916666667
2006-12-04,21308.7083333333
2006-12-05,21730.1666666667
2006-12-06,21859.3333333333
2006-12-07,21853.625
2006-12-08,21673.1666666667
2006-12-09,21050.4166666667
2006-12-10,19075.0416666667
2006-12-11,21282.7916666667
2006-12-12,22122.9583333333
2006-12-13,22172.7083333333
2006-12-14,22135.9166666667
2006-12-15,22050.25
2006-12-16,21302.5
2006-12-17,19242.4583333333
2006-12-18,21388.1666666667
2006-12-19,21996.9583333333
2006-12-20,22092.7083333333
2006-12-21,22272.0833333333
2006-12-22,22333.0833333333
2006-12-23,21861.75
2006-12-24,19848.7916666667
2006-12-25,22346.7916666667
2006-12-26,22701.0416666667
2006-12-27,22588.875
2006-12-28,22605.8333333333
2006-12-29,21913.6666666667
2006-12-30,18898.0416666667
2006-12-31,15818.0416666667
2007-01-01,15532.0833333333
2007-01-02,15936.2083333333
2007-01-03,16619.75
2007-01-04,19983.5833333333
2007-01-05,20555.25
2007-01-06,20235.6666666667
2007-01-07,18820.4583333333
2007-01-08,21055.875
2007-01-09,21606.4166666667
2007-01-10,21456.875
2007-01-11,21367
2007-01-12,21587.0833333333
2007-01-13,20950.7083333333
2007-01-14,19085.375
2007-01-15,21500.3333333333
2007-01-16,21819.125
2007-01-17,21956.25
2007-01-18,21848.75
2007-01-19,21992.8333333333
2007-01-20,21338.8333333333
2007-01-21,19489.2916666667
2007-01-22,21245.75
2007-01-23,21509.9166666667
2007-01-24,21515.5416666667
2007-01-25,21173.4166666667
2007-01-26,21630.0833333333
2007-01-27,21293.5833333333
2007-01-28,19686.25
2007-01-29,22000.7916666667
2007-01-30,22513.0416666667
2007-01-31,20972.5416666667
2007-02-01,22586.375
2007-02-02,22333.625
2007-02-03,21539.25
2007-02-04,19711.125
2007-02-05,21826.2083333333
2007-02-06,22342.7083333333
2007-02-07,22552.3333333333
2007-02-08,22369.2083333333
2007-02-09,22353.5833333333
2007-02-10,21481
2007-02-11,19515.25
2007-02-12,21784.375
2007-02-13,22290.4166666667
2007-02-14,22517.5833333333
2007-02-15,22781.9166666667
2007-02-16,22676.1666666667
2007-02-17,21848.4583333333
2007-02-18,19571.6666666667
2007-02-19,21258.5416666667
2007-02-20,21551.75
2007-02-21,21339.625
2007-02-22,21338.8333333333
2007-02-23,21497.1666666667
2007-02-24,21002.75
2007-02-25,18901.8333333333
2007-02-26,21073.8333333333
2007-02-27,21409.6666666667
2007-02-28,21339.8333333333
2007-03-01,21675.5
2007-03-02,21377.7083333333
2007-03-03,20577.5
2007-03-04,18666.1666666667
2007-03-05,20993
2007-03-06,21224.3333333333
2007-03-07,21119.3333333333
2007-03-08,21171
2007-03-09,21114.625
2007-03-10,20454.9166666667
2007-03-11,18663.625
2007-03-12,20565.7916666667
2007-03-13,21550.9166666667
2007-03-14,21954.625
2007-03-15,21846.875
2007-03-16,21535.125
2007-03-17,20797.75
2007-03-18,18608.625
2007-03-19,20442.8333333333
2007-03-20,20793.7916666667
2007-03-21,20486
2007-03-22,20732.6666666667
2007-03-23,20486.9583333333
2007-03-24,19908.8333333333
2007-03-25,17991.625
2007-03-26,20420.5
2007-03-27,21198.6666666667
2007-03-28,21430.6666666667
2007-03-29,21391.1666666667
2007-03-30,21199.75
2007-03-31,20700.5416666667
2007-04-01,18776.5416666667
2007-04-02,20341.875
2007-04-03,20964.2916666667
2007-04-04,20825.3333333333
2007-04-05,21133.75
2007-04-06,20898.7916666667
2007-04-07,19905.9583333333
2007-04-08,17859.4583333333
2007-04-09,20087.8333333333
2007-04-10,20495.5416666667
2007-04-11,20834.125
2007-04-12,20730.375
2007-04-13,20694.6666666667
2007-04-14,19958.2083333333
2007-04-15,17920.4166666667
2007-04-16,20116.5833333333
2007-04-17,20594.75
2007-04-18,20916
2007-04-19,21085.2916666667
2007-04-20,20549.625
2007-04-21,19823.0416666667
2007-04-22,17458.75
2007-04-23,18523.1666666667
2007-04-24,20447.8333333333
2007-04-25,20865
2007-04-26,20889.9583333333
2007-04-27,20843.6666666667
2007-04-28,20294.3333333333
2007-04-29,18051.875
2007-04-30,20132.0833333333
2007-05-01,20412.6666666667
2007-05-02,20690.9166666667
2007-05-03,20635.4166666667
2007-05-04,20582.75
2007-05-05,20067.875
2007-05-06,17912.9166666667
2007-05-07,20181.2916666667
2007-05-08,20616.125
2007-05-09,20740.75
2007-05-10,20816.4583333333
2007-05-11,20715.2083333333
2007-05-12,19826.6666666667
2007-05-13,17578.9583333333
2007-05-14,19883
2007-05-15,20562.4583333333
2007-05-16,20654.2916666667
2007-05-17,20690.625
2007-05-18,20358.3333333333
2007-05-19,18649.0416666667
2007-05-20,17337.0416666667
2007-05-21,19735.0833333333
2007-05-22,20343.1666666667
2007-05-23,20376.8333333333
2007-05-24,20569.7083333333
2007-05-25,20753.5833333333
2007-05-26,20006.0833333333
2007-05-27,17571.875
2007-05-28,20116
2007-05-29,20590.8333333333
2007-05-30,20915.7083333333
2007-05-31,20877.25
2007-06-01,20750.7916666667
2007-06-02,20052.5416666667
2007-06-03,17994.7083333333
2007-06-04,20492
2007-06-05,21137.5416666667
2007-06-06,21209.6666666667
2007-06-07,20949.7083333333
2007-06-08,20534.2916666667
2007-06-09,19826.25
2007-06-10,17791.75
2007-06-11,19831.5416666667
2007-06-12,20810.9166666667
2007-06-13,21220.2083333333
2007-06-14,21469.5416666667
2007-06-15,21521.1666666667
2007-06-16,20827.5833333333
2007-06-17,18650.0833333333
2007-06-18,21568.3333333333
2007-06-19,22041.6666666667
2007-06-20,22352.1666666667
2007-06-21,22590.9583333333
2007-06-22,22385.6666666667
2007-06-23,22121.7916666667
2007-06-24,19912.875
2007-06-25,22716.4166666667
2007-06-26,23533.5416666667
2007-06-27,23777.3333333333
2007-06-28,24141.2916666667
2007-06-29,23819.6666666667
2007-06-30,22298.4583333333
2007-07-01,19512.75
2007-07-02,22304.7916666667
2007-07-03,23030.9166666667
2007-07-04,23305.2916666667
2007-07-05,23554
2007-07-06,23159.4166666667
2007-07-07,22104.1666666667
2007-07-08,19854.6666666667
2007-07-09,22874.25
2007-07-10,23773.9583333333
2007-07-11,23865.3333333333
2007-07-12,24095.4166666667
2007-07-13,23387.4583333333
2007-07-14,22256.25
2007-07-15,20109.1666666667
2007-07-16,22503.9583333333
2007-07-17,22990.5416666667
2007-07-18,23664.375
2007-07-19,24068.7916666667
2007-07-20,24269.625
2007-07-21,23383
2007-07-22,20333.5833333333
2007-07-23,23908.5416666667
2007-07-24,24615.75
2007-07-25,24653.75
2007-07-26,24946.9583333333
2007-07-27,24829.5833333333
2007-07-28,23785.25
2007-07-29,21317.7083333333
2007-07-30,24096.5416666667
2007-07-31,24661.1666666667
2007-08-01,24653.625
2007-08-02,23893.75
2007-08-03,23832.6666666667
2007-08-04,22801.5833333333
2007-08-05,20389.5416666667
2007-08-06,23284.9166666667
2007-08-07,23497.5
2007-08-08,23468.6666666667
2007-08-09,23698.25
2007-08-10,23772.5416666667
2007-08-11,23101.7916666667
2007-08-12,20700.125
2007-08-13,23456.3333333333
2007-08-14,23916.5833333333
2007-08-15,24038.375
2007-08-16,23959.125
2007-08-17,23910
2007-08-18,22741.625
2007-08-19,20512.7916666667
2007-08-20,23355.9583333333
2007-08-21,24221.4583333333
2007-08-22,24354.7916666667
2007-08-23,24371.2083333333
2007-08-24,24181.25
2007-08-25,23080.875
2007-08-26,20597.9583333333
2007-08-27,23282.2916666667
2007-08-28,23446.375
2007-08-29,23699.0833333333
2007-08-30,22636.4583333333
2007-08-31,23660.6666666667
2007-09-01,22847.7083333333
2007-09-02,20361.1666666667
2007-09-03,23158.0416666667
2007-09-04,23997.625
2007-09-05,23849.0416666667
2007-09-06,23592.5833333333
2007-09-07,23083.25
2007-09-08,21535.75
2007-09-09,19002.75
2007-09-10,21294.6666666667
2007-09-11,22035.5
2007-09-12,22062.0833333333
2007-09-13,21745.0416666667
2007-09-14,21524.2916666667
2007-09-15,21012.5416666667
2007-09-16,18999.375
2007-09-17,20596.8333333333
2007-09-18,21262.8333333333
2007-09-19,21340.1666666667
2007-09-20,21586.125
2007-09-21,21415.5833333333
2007-09-22,20851.4166666667
2007-09-23,18680.2916666667
2007-09-24,20428.4166666667
2007-09-25,20875.2916666667
2007-09-26,21018.6666666667
2007-09-27,21239.6666666667
2007-09-28,21160
2007-09-29,20675.125
2007-09-30,18595.0416666667
2007-10-01,20479.75
2007-10-02,21087.375
2007-10-03,21186.4583333333
2007-10-04,20902.5
2007-10-05,20720.2083333333
2007-10-06,20311.0416666667
2007-10-07,18745.2916666667
2007-10-08,20500.4166666667
2007-10-09,21004.0833333333
2007-10-10,20629.7083333333
2007-10-11,17673.5
2007-10-12,13421.25
2007-10-13,13342.2083333333
2007-10-14,14433.5
2007-10-15,19077.9166666667
2007-10-16,20578.7916666667
2007-10-17,20674.5416666667
2007-10-18,20730.25
2007-10-19,20657.4583333333
2007-10-20,20145.0833333333
2007-10-21,18135.5833333333
2007-10-22,20228.375
2007-10-23,20729.9166666667
2007-10-24,20858.0833333333
2007-10-25,20886.625
2007-10-26,20842.0416666667
2007-10-27,20296.3333333333
2007-10-28,18156.2083333333
2007-10-29,18799.8333333333
2007-10-30,20617.9166666667
2007-10-31,21085.0833333333
2007-11-01,21118.2083333333
2007-11-02,21354.5833333333
2007-11-03,20994.5833333333
2007-11-04,18869.25
2007-11-05,21452.4166666667
2007-11-06,22343.25
2007-11-07,22558.3333333333
2007-11-08,22680.5
2007-11-09,22601.5416666667
2007-11-10,21770.7916666667
2007-11-11,19628.625
2007-11-12,21882.9166666667
2007-11-13,22637.875
2007-11-14,22836.5
2007-11-15,22215.625
2007-11-16,22119.7083333333
2007-11-17,21457.5
2007-11-18,19493.3333333333
2007-11-19,21956.25
2007-11-20,23039.9166666667
2007-11-21,23232.125
2007-11-22,23284.25
2007-11-23,22798.375
2007-11-24,22167.125
2007-11-25,20143.5833333333
2007-11-26,22632.25
2007-11-27,23301.375
2007-11-28,23462.7916666667
2007-11-29,23706.125
2007-11-30,23365.75
2007-12-01,22723.0833333333
2007-12-02,20448.5
2007-12-03,22903.75
2007-12-04,23406.625
2007-12-05,23530.125
2007-12-06,23682.3333333333
2007-12-07,23564.9166666667
2007-12-08,22627
2007-12-09,20651.7083333333
2007-12-10,22969
2007-12-11,23284.5416666667
2007-12-12,23374.1666666667
2007-12-13,23943.2916666667
2007-12-14,23806.5833333333
2007-12-15,23138.875
2007-12-16,21479.75
2007-12-17,23490.375
2007-12-18,23399.1666666667
2007-12-19,20375.5416666667
2007-12-20,16783.75
2007-12-21,16712
2007-12-22,17178
2007-12-23,18075.125
2007-12-24,23026.875
2007-12-25,23995.5
2007-12-26,24048.2083333333
2007-12-27,24163.0833333333
2007-12-28,24154.7083333333
2007-12-29,23520.2083333333
2007-12-30,21460.8333333333
2007-12-31,21992.0416666667
2008-01-01,20174.5833333333
2008-01-02,23816.75
2008-01-03,24519.5
2008-01-04,24591.9166666667
2008-01-05,23985.0416666667
2008-01-06,21405.125
2008-01-07,24086.2916666667
2008-01-08,24579.9166666667
2008-01-09,24727.25
2008-01-10,24846.8333333333
2008-01-11,24608.25
2008-01-12,23861.4583333333
2008-01-13,21642.4583333333
2008-01-14,24076.6666666667
2008-01-15,24843.0833333333
2008-01-16,24737.9583333333
2008-01-17,24488.8333333333
2008-01-18,24175.75
2008-01-19,23352
2008-01-20,21133.6666666667
2008-01-21,23832.1666666667
2008-01-22,24161.9583333333
2008-01-23,24252.9583333333
2008-01-24,24553.5
2008-01-25,24336.8333333333
2008-01-26,23450.0833333333
2008-01-27,20942.25
2008-01-28,23933.7083333333
2008-01-29,23730.7083333333
2008-01-30,24039.4583333333
2008-01-31,24233.9583333333
2008-02-01,24306.25
2008-02-02,23051
2008-02-03,20576.75
2008-02-04,23208.125
2008-02-05,23771.375
2008-02-06,24028.625
